s1_id,target_id,country,score,best_score,reason
S1-75134768,S2-623236074,India,0.6257332404599764,0.9813140119567937,threshold_or_margin
S1-40214460,S2-468239977,India,0.47496805335255093,0.9999388983124354,threshold_or_margin
S1-252644636,S2-880585115,India,0.24428012099823476,0.9992482555721101,threshold_or_margin
S1-252644636,S2-224290086,India,0.6435092956092022,0.9992482555721101,threshold_or_margin
S1-549729217,S2-522676922,India,0.7966996023954201,0.9999441089291732,threshold_or_margin
S1-410702984,S2-263674242,India,0.7864384537627467,0.9994044623238696,threshold_or_margin
S1-473072476,S2-910139086,India,0.7468135399548399,0.999493675035488,threshold_or_margin
S1-860215100,S2-45381488,India,0.10041369477110892,0.9560303073382083,threshold_or_margin
S1-343564282,S2-379013321,India,0.44198367633646346,0.9995977265500123,threshold_or_margin
S1-739531058,S3-779799104,India,0.3472290176857775,0.9989466131591954,threshold_or_margin
S1-888993962,S2-356332020,India,0.6450272276149766,0.9999185198892627,threshold_or_margin
S1-888638793,S2-65987455,India,0.783893216551711,0.9998941592266573,threshold_or_margin
S1-888638793,S2-403836803,India,0.4477578083299611,0.9998941592266573,threshold_or_margin
S1-300716451,S2-27504836,India,0.7863409639915625,0.999948419562146,threshold_or_margin
S1-771514893,S3-94044354,India,0.772497948281924,0.999948762953607,threshold_or_margin
S1-745696419,S2-681502363,India,0.1962900601713811,0.9998358547445684,threshold_or_margin
S1-889660599,S3-652773000,India,0.8178785646630533,0.9999908816006062,threshold_or_margin
S1-522235441,S3-320447985,India,0.5495334199235922,0.9994660634104009,threshold_or_margin
S1-120144213,S2-37407197,India,0.5697212080981527,0.9954909377471944,threshold_or_margin
S1-540988247,S3-912780279,India,0.6942167157329763,0.9999765535126877,threshold_or_margin
S1-540988247,S3-141260224,India,0.7108591745807601,0.9999765535126877,threshold_or_margin
S1-356277362,S3-260177793,India,0.4802628589788043,0.9875505305512362,threshold_or_margin
S1-28634688,S3-353646172,India,0.7499790065222168,0.9998817239229169,threshold_or_margin
S1-28634688,S3-20660752,India,0.5844382815635535,0.9998817239229169,threshold_or_margin
S1-248439329,S2-764351017,India,0.7289537173051748,0.9991449211946347,threshold_or_margin
S1-16743316,S2-275407091,India,0.6738550549986857,0.9999742429092984,threshold_or_margin
S1-29134313,S2-350885300,India,0.6313509764322037,0.999839880629136,threshold_or_margin
S1-29134313,S3-774485281,India,0.8090487525738727,0.999839880629136,threshold_or_margin
S1-791720721,S3-585861748,India,0.8016403936027511,0.9999622869978676,threshold_or_margin
S1-821785151,S3-746259133,India,0.11975551634070006,0.9993851135628502,threshold_or_margin
S1-662839024,S3-286798430,India,0.47711563528269363,0.9999349162357087,threshold_or_margin
S1-80666213,S2-615059764,India,0.7465784918734482,0.9992551769263213,threshold_or_margin
S1-370121341,S2-113567954,India,0.5856711980829341,0.9970614966627454,threshold_or_margin
S1-370121341,S2-672249577,India,0.13956577840747386,0.9970614966627454,threshold_or_margin
S1-370121341,S3-330038897,India,0.8000114164928969,0.9970614966627454,threshold_or_margin
S1-562785413,S3-424610412,India,0.4399465970727026,0.9998334559630386,threshold_or_margin
S1-422949079,S2-353785547,India,0.4650974620425087,0.9986591659401794,threshold_or_margin
S1-867464284,S2-651331151,India,0.7122731655484011,0.9892376524969664,threshold_or_margin
S1-369224624,S2-344656935,India,0.3393149224166506,0.9995588697990082,threshold_or_margin
S1-790756465,S2-68474155,India,0.020818221144121612,0.34439433137859327,singleton_gate
S1-917588610,S3-343769271,India,0.8158541224879926,0.9999949658737631,threshold_or_margin
S1-771765132,S2-242426237,India,0.071127136638832,0.9998331858113275,threshold_or_margin
S1-20946419,S2-837373974,India,0.8022748975573474,0.9980514637837726,threshold_or_margin
S1-957832668,S3-944110100,India,0.37343908801292397,0.9986208386543391,threshold_or_margin
S1-829973502,S3-554631131,India,0.811426324917665,0.9999876920122168,threshold_or_margin
S1-305034700,S2-418875199,India,0.028787895847502493,0.9999718809740158,threshold_or_margin
S1-379290990,S2-474978246,India,0.6560736503994773,0.9997957383062372,threshold_or_margin
S1-293986205,S3-693454629,India,0.36866765542494834,0.999761665732387,threshold_or_margin
S1-917024463,S2-801435055,India,0.6901768759267067,0.9994762131364375,threshold_or_margin
S1-113772848,S2-308104411,India,0.7308034114889704,0.9998690009498226,threshold_or_margin
S1-832874553,S2-212030185,India,0.6959587520530757,0.9998163678500912,threshold_or_margin
S1-285172138,S3-213312571,India,0.12269096109778609,0.9998336566302867,threshold_or_margin
S1-826451727,S2-194323395,India,0.7759788010491677,0.9999519134204443,threshold_or_margin
S1-342244101,S3-228521565,India,0.716291279409328,0.9998316202474425,threshold_or_margin
S1-550752172,S3-730855131,India,0.7713955992128935,0.9999098058580507,threshold_or_margin
S1-804234105,S2-755594749,India,0.700575619974886,0.9996942282888079,threshold_or_margin
S1-915055984,S3-857167762,India,0.2565323749082317,0.8598804857726803,threshold_or_margin
S1-778238401,S2-102456100,India,0.4348829046286076,0.9998454628188468,threshold_or_margin
S1-466629355,S3-772066788,India,0.7253231449798725,0.9741860033694788,threshold_or_margin
S1-699082773,S2-785180169,India,0.4872022804357341,0.9999421534755842,threshold_or_margin
S1-706357125,S3-252883430,India,0.15332011819087032,0.999877681299228,threshold_or_margin
S1-85283517,S2-891048928,India,0.8034982692669953,0.9999193751057945,threshold_or_margin
S1-85283517,S2-254981495,India,0.7943685583017475,0.9999193751057945,threshold_or_margin
S1-906764792,S3-404948506,India,0.09372960982717009,0.09372960982717009,singleton_gate
S1-3692675,S2-411971613,India,0.6376455268849381,0.9999903945951119,threshold_or_margin
S1-779378714,S3-964351452,India,0.5723392944278991,0.9911666861707709,threshold_or_margin
S1-593434906,S3-372518811,India,0.8063977104007289,0.9997100650852221,threshold_or_margin
S1-76931997,S2-160864001,India,0.40479590173470126,0.9995921494980473,threshold_or_margin
S1-300806634,S2-433470597,India,0.7554423119553527,0.9999922815055055,threshold_or_margin
S1-392444640,S3-916182029,India,0.006080847889818063,0.9934574327890279,threshold_or_margin
S1-392444640,S2-418882730,India,0.006224690077450548,0.9934574327890279,threshold_or_margin
S1-95663165,S2-991325841,India,0.8059852461310681,0.9968401697140611,threshold_or_margin
S1-95663165,S2-262167354,India,0.04722417081601389,0.9968401697140611,threshold_or_margin
S1-464820189,S2-2858236,India,0.4762409318050509,0.9997152396656687,threshold_or_margin
S1-330177262,S2-586930548,India,0.4713577599876077,0.9991451133521846,threshold_or_margin
S1-595514612,S2-494742433,India,0.0020114934618253133,0.9980163379626517,threshold_or_margin
S1-400377867,S2-509799605,India,0.6199127134596498,0.9671858966886078,threshold_or_margin
S1-554100907,S2-380945970,India,0.24614024250091643,0.9992796863460094,threshold_or_margin
S1-833150411,S2-409852412,India,0.5970400303531577,0.9998851106753468,threshold_or_margin
S1-433073946,S3-683170233,India,0.3354503189712753,0.9999815399418943,threshold_or_margin
S1-572224385,S2-998345619,India,0.8024865594470112,0.9875131721880065,threshold_or_margin
S1-5730901,S2-639267511,India,0.7126779803709152,0.9996288227133733,threshold_or_margin
S1-113881531,S2-263879884,India,0.12499665368772062,0.9860412109969934,threshold_or_margin
S1-604829838,S3-165868431,India,0.8097410548415984,0.9996585735985182,threshold_or_margin
S1-604829838,S3-199603374,India,0.655443206620202,0.9996585735985182,threshold_or_margin
S1-762562687,S2-23531252,India,0.7023875600840669,0.9994774852103068,threshold_or_margin
S1-762562687,S2-776698025,India,0.4313003262589632,0.9994774852103068,threshold_or_margin
S1-780180074,S3-457928078,India,0.8097410548415984,0.9994624599652865,threshold_or_margin
S1-555797419,S3-21442138,India,0.22761944311639556,0.9998853685939731,threshold_or_margin
S1-555797419,S3-687203925,India,0.7857516558526197,0.9998853685939731,threshold_or_margin
S1-393028850,S2-900665899,India,0.11295944450942742,0.972061684901827,threshold_or_margin
S1-56187547,S2-667236872,India,0.5621750558979824,0.9996927256125127,threshold_or_margin
S1-670800963,S3-254556371,India,0.4676816017529812,0.9999404568607521,threshold_or_margin
S1-111502628,S3-760836451,India,0.8027564907648405,0.9999216883243434,threshold_or_margin
S1-111502628,S2-697881651,India,0.18619942444542686,0.9999216883243434,threshold_or_margin
S1-561880328,S3-878625012,India,0.5912806804296434,0.999874969638255,threshold_or_margin
S1-201299683,S3-240509851,India,0.7387652603594351,0.9999754668016689,threshold_or_margin
S1-305875443,S3-880085804,India,0.30857299995799026,0.9998238615039984,threshold_or_margin
S1-919532225,S3-636140381,India,0.7512946006061975,0.9999953476865907,threshold_or_margin
S1-373768721,S2-659708743,India,0.1103127519592742,0.998808427744167,threshold_or_margin
S1-802434168,S2-38471373,India,0.6733610465310839,0.9974860694020167,threshold_or_margin
S1-491308763,S2-315975569,India,0.6390510160515718,0.9999855684318331,threshold_or_margin
S1-590209803,S2-3876249,India,0.4240901433939648,0.7022438939131408,threshold_or_margin
S1-368248175,S2-325613532,India,0.5800111140192409,0.9879633717965602,threshold_or_margin
S1-381541173,S3-10033023,India,0.6654257689378922,0.9980833289577562,threshold_or_margin
S1-593763800,S2-687740644,India,0.6212311225306115,0.999863936503686,threshold_or_margin
S1-916377594,S2-405208784,India,0.6984490002884868,0.9946142039898065,threshold_or_margin
S1-973007679,S3-470223827,India,0.6867923085709257,0.9999163095552396,threshold_or_margin
S1-999839887,S2-945351051,India,0.27639184424698315,0.9998537737918113,threshold_or_margin
S1-691820964,S2-646171294,India,0.7655028764590044,0.9999702033947705,threshold_or_margin
S1-282259583,S2-356736291,India,0.6629468281349783,0.9992696066704863,threshold_or_margin
S1-661793199,S3-466108844,India,0.35943707800049735,0.9999477490147312,threshold_or_margin
S1-952948283,S3-984431336,India,0.7825859415335767,0.9999575937995508,threshold_or_margin
S1-776886842,S2-505413349,India,0.24927623855246328,0.24927623855246328,singleton_gate
S1-770765344,S2-759540614,India,0.8101862944507937,0.9998954258529348,threshold_or_margin
S1-797343060,S3-42193021,India,0.5467071932707875,0.9995276985813704,threshold_or_margin
S1-992263717,S2-876774138,India,0.20984542120670324,0.99994548318442,threshold_or_margin
S1-752694304,S3-364976154,India,0.5914823155398758,0.9994516408013022,threshold_or_margin
S1-310687562,S2-624497471,India,0.07423708627863608,0.9996460307585994,threshold_or_margin
S1-847220734,S2-605305931,India,0.7647115948999663,0.9999322762407348,threshold_or_margin
S1-70130045,S2-243008431,India,0.6687506683401736,0.9999914962638219,threshold_or_margin
S1-689038019,S3-189126252,India,0.3357876489346807,0.9997877913982931,threshold_or_margin
S1-295290341,S2-596753179,India,0.4023105957091379,0.9997397694311677,threshold_or_margin
S1-673088985,S3-980883204,India,0.7557387027584267,0.9998490020912049,threshold_or_margin
S1-187291671,S3-652535816,India,0.6861319995785846,0.9824189053434689,threshold_or_margin
S1-368925198,S3-165259524,India,0.17751197255115533,0.9997636551568582,threshold_or_margin
S1-612321681,S3-212394451,India,0.771459619924226,0.9999491515514253,threshold_or_margin
S1-901052014,S2-584819863,India,0.3384613482995331,0.9999456177653426,threshold_or_margin
S1-919427042,S2-557129239,India,0.744598732644376,0.9631635361364046,threshold_or_margin
S1-919427042,S2-14183184,India,0.7217147586703769,0.9631635361364046,threshold_or_margin
S1-986583139,S3-313766721,India,0.8113295159480238,0.999943915339649,threshold_or_margin
S1-986583139,S2-388874199,India,0.526864683283873,0.999943915339649,threshold_or_margin
S1-986583139,S2-1761916,India,0.5584210172141458,0.999943915339649,threshold_or_margin
S1-932882429,S2-301094092,India,0.5320305166916828,0.9999668744089629,threshold_or_margin
S1-511505447,S2-726175351,India,0.81318521771974,0.9998785802124002,threshold_or_margin
S1-835996373,S2-35543133,India,0.09659222664307003,0.9989771788296754,threshold_or_margin
S1-910147081,S2-712542800,India,0.6982749378425108,0.9983296649212681,threshold_or_margin
S1-19182969,S3-6923346,India,0.6036550395673904,0.9999740929308479,threshold_or_margin
S1-770973091,S2-613663683,India,0.7445140493315362,0.9987202965328137,threshold_or_margin
S1-770973091,S2-761433386,India,0.42018731044199564,0.9987202965328137,threshold_or_margin
S1-424960019,S2-541622682,India,0.4524484271367496,0.9999947411062591,threshold_or_margin
S1-357269400,S2-131984771,India,0.4277527321356444,0.9619969536128277,threshold_or_margin
S1-295606882,S3-760404462,India,0.4454493962111272,0.9999023516960058,threshold_or_margin
S1-585894096,S2-710552770,India,0.812989332434792,0.9994905665691123,threshold_or_margin
S1-585894096,S3-542851674,India,0.7275545917271825,0.9994905665691123,threshold_or_margin
S1-443236314,S2-476124483,India,0.09725552073501295,0.9624170454551322,threshold_or_margin
S1-203858559,S3-998537435,India,0.003180148813647334,0.9970512969728578,threshold_or_margin
S1-56230565,S3-553164093,India,0.8045572305091303,0.9997819132612057,threshold_or_margin
S1-749859522,S2-660673114,India,0.4321245679942384,0.9990740295088584,threshold_or_margin
S1-449252130,S3-155528901,India,0.4456727773283471,0.9939084717328647,threshold_or_margin
S1-864477037,S3-404597091,India,0.808125534997747,0.9993805236141198,threshold_or_margin
S1-508178286,S3-538878208,India,0.1427833336736673,0.9996172666644588,threshold_or_margin
S1-526626781,S3-933789941,India,0.8085038445587555,0.9999668128551658,threshold_or_margin
S1-927608427,S2-821361648,India,0.7952861888176604,0.9922288888748223,threshold_or_margin
S1-279581505,S2-464352338,India,0.18804854623935965,0.9964459694622348,threshold_or_margin
S1-299571720,S2-936958555,India,0.6450272276149766,0.9999532962503156,threshold_or_margin
S1-299571720,S2-368194566,India,0.3708216249254944,0.9999532962503156,threshold_or_margin
S1-620702588,S2-344317079,India,0.6106915001017579,0.9825481255428204,threshold_or_margin
S1-916418711,S2-972310254,India,0.7331063031376396,0.9869521295997102,threshold_or_margin
S1-380601468,S3-515450473,India,0.4699259179473557,0.9998537861539375,threshold_or_margin
S1-380601468,S2-288114198,India,0.7435028076274315,0.9998537861539375,threshold_or_margin
S1-368915449,S2-103546579,India,0.6175602254110385,0.9998360344640327,threshold_or_margin
