s1_id,target_id,country,score,best_score
S1-951609532,S2-895415359,India,0.8212003749482953,0.8212003749482953
S1-40214460,S3-959039827,India,0.8358311332784211,0.9999388983124354
S1-252644636,S2-827813252,India,0.9979300602580544,0.9992482555721101
S1-162465054,S3-562174981,India,0.9600311445321795,0.9999135803094031
S1-142434511,S2-473935445,India,0.8263252669554338,0.9999569065081271
S1-921624599,S3-430749791,India,0.993314092642451,0.9997371649345728
S1-549729217,S3-624126461,India,0.9839735967061852,0.9999441089291732
S1-13638561,S3-230628658,India,0.9810012386534844,0.9999203360166259
S1-756412192,S2-211441002,India,0.8755741933902037,0.9996158126249651
S1-370065226,S2-329898657,India,0.9886891221071521,0.9999706490718764
S1-854246466,S3-610619764,India,0.9276982039669525,0.9999176147861673
S1-47620116,S2-693364329,India,0.8199778875702974,0.9994184469940092
S1-595454070,S2-481012449,India,0.8616154443597658,0.9999723114428378
S1-93695493,S2-144118917,India,0.9354937268046821,0.9999680853957608
S1-569409975,S2-574504117,India,0.9997048865576036,0.9997048865576036
S1-370985103,S3-93278938,India,0.8953053452467327,0.9999660860190395
S1-513915126,S3-691258845,India,0.836706156012094,0.9991189413131993
S1-53256625,S2-975108086,India,0.9910581702644417,0.9998461357799687
S1-878987100,S2-849362032,India,0.9899472587110695,0.9999333321996772
S1-767530834,S2-851944014,India,0.832413023913703,0.9987238796856572
S1-332049120,S2-562720801,India,0.9891653537210982,0.9998615396785381
S1-751071143,S3-917099433,India,0.945663990754349,0.9960315994264449
S1-276927594,S2-518271758,India,0.9098569447601669,0.9999145353522323
S1-252380850,S2-806305648,India,0.9861181080233885,0.999630994629736
S1-614500868,S2-888654837,India,0.9896186440178896,0.9997782731589924
S1-164321130,S3-482594962,India,0.8708891430561874,0.9998420949986793
S1-937301002,S2-592922015,India,0.9686853631121614,0.9686853631121614
S1-739531058,S3-695293649,India,0.9665512338130714,0.9989466131591954
S1-917156055,S2-201957762,India,0.8783668469044741,0.999888422637233
S1-25206147,S2-315548061,India,0.974617301068966,0.9999397885988002
S1-962784092,S2-462642856,India,0.9535763619684946,0.9999596697591284
S1-962784092,S3-646796854,India,0.9043878945911049,0.9999596697591284
S1-946510820,S2-296219865,India,0.9414296316291809,0.9999717984897887
S1-946510820,S2-462172350,India,0.987828602560347,0.9999717984897887
S1-946510820,S2-306363637,India,0.8776133163082682,0.9999717984897887
S1-832343215,S3-786367110,India,0.9564808512855462,0.9999721742237776
S1-761939944,S2-521689270,India,0.7885156924103182,0.7885156924103182
S1-761388904,S2-874460727,India,0.9246945755770751,0.9999768795906296
S1-360014624,S2-535511664,India,0.9885903388945779,0.9885903388945779
S1-507307948,S3-872845944,India,0.9532619131009774,0.9985896523557911
S1-507307948,S3-432036190,India,0.8317766225100731,0.9985896523557911
S1-174418269,S2-812607857,India,0.9915754605409387,0.9999157607581247
S1-927055458,S3-724053677,India,0.8688353086266863,0.8688353086266863
S1-817160241,S2-517530483,India,0.9260832125571687,0.9999807560793407
S1-699014200,S2-892337188,India,0.880112779836279,0.9987311158103773
S1-370581986,S3-736355876,India,0.8473930168123238,0.9996816887391146
S1-621484765,S2-428829149,India,0.9213276001646782,0.9999397686231885
S1-621484765,S2-220798819,India,0.9587414836867938,0.9999397686231885
S1-771514893,S2-493907991,India,0.9365080305301877,0.999948762953607
S1-692628863,S3-82010439,India,0.9319449398796238,0.9965166359674807
S1-486974139,S2-507289933,India,0.9030816104359671,0.9999946633360008
S1-486974139,S3-664942862,India,0.8739672000898486,0.9999946633360008
S1-182311896,S3-194514448,India,0.9481225014377649,0.9999828082972554
S1-182311896,S2-318845064,India,0.9712555697476082,0.9999828082972554
S1-182311896,S2-286880923,India,0.9540885197696852,0.9999828082972554
S1-316713328,S2-955267947,India,0.98591710245344,0.9999753504257617
S1-191485373,S2-677043963,India,0.9058486331887149,0.9996614909224895
S1-191485373,S3-389188423,India,0.8296976231238933,0.9996614909224895
S1-834730428,S3-154820113,India,0.99923796232613,0.9999921385311394
S1-906268285,S2-510938278,India,0.8734499844077126,0.9329351571926052
S1-906268285,S3-15877162,India,0.9329351571926052,0.9329351571926052
S1-854128660,S2-486866326,India,0.9982353421724325,0.9994044012321338
S1-197347942,S2-378588391,India,0.8486637714511441,0.9951786120971042
S1-540988247,S3-200753792,India,0.9979758083051594,0.9999765535126877
S1-460149531,S3-73014559,India,0.9155153162852492,0.9155153162852492
S1-935200430,S3-563650263,India,0.9685617208266439,0.9999755134439112
S1-219818348,S2-714690453,India,0.9529244724906856,0.999974071680597
S1-154356999,S3-96143534,India,0.9286617134496891,0.9999409310784565
S1-29134313,S2-597972032,India,0.8924462849589574,0.999839880629136
S1-402840444,S2-557004935,India,0.9903046373591239,0.9987031444201162
S1-402840444,S2-433687108,India,0.85024304269364,0.9987031444201162
S1-80073672,S3-839820820,India,0.8727582456571716,0.9999850333962115
S1-790880772,S3-58266529,India,0.9202476039427973,0.9998552095208424
S1-734295308,S2-341276255,India,0.9806128744731645,0.9806128744731645
S1-640762215,S3-472588340,India,0.9931424541252962,0.9931424541252962
S1-451766620,S2-339893930,India,0.8692950681748102,0.9999916250896033
S1-590715883,S3-641512927,India,0.9647623815032709,0.9999093859873196
S1-370121341,S3-721532319,India,0.9385688179433258,0.9970614966627454
S1-865799219,S2-32253843,India,0.8413052422391925,0.8413052422391925
S1-672259001,S3-380671452,India,0.9882302640531841,0.9994121240098659
S1-764208389,S3-476848009,India,0.9162585611314792,0.9999564745354428
S1-713186161,S2-337943357,India,0.9834535244988896,0.9998009147138986
S1-510717269,S2-825884680,India,0.942648511507329,0.9999886677717646
S1-821284142,S2-799764785,India,0.9084816394128036,0.9999768477635066
S1-939286234,S2-207097646,India,0.9996769407469621,0.9997851581323529
S1-917588610,S3-114195968,India,0.9817665093373628,0.9999949658737631
S1-557326149,S3-100672038,India,0.8635809209258,0.999893019410465
S1-259109480,S2-420056146,India,0.9996158005802831,0.9999854869791325
S1-288836208,S3-464678705,India,0.9972479562525272,0.9982821471116579
S1-893006153,S3-139323286,India,0.9168981071771056,0.9999872936577684
S1-417129860,S2-609400669,India,0.8610469132368632,0.8610469132368632
S1-986368252,S2-397526128,India,0.8318426637641808,0.8318426637641808
S1-127555455,S3-785482824,India,0.8920419696367968,0.8920419696367968
S1-920290616,S3-352603628,India,0.9071763380499583,0.9581615687515839
S1-920290616,S3-630695433,India,0.9476191137406342,0.9581615687515839
S1-920290616,S3-241292464,India,0.8844338397899095,0.9581615687515839
S1-920290616,S3-73240919,India,0.9581615687515839,0.9581615687515839
S1-598259731,S2-477077949,India,0.8798926846268497,0.9961032934587299
S1-138525242,S2-189011261,India,0.8920731861994784,0.9995515087425922
S1-638721458,S2-622062446,India,0.8287468744563062,0.999983303715603
S1-114485813,S3-954556945,India,0.9461852621576419,0.9999749196463834
S1-45544354,S3-637458798,India,0.9940981787532384,0.9999737963332308
S1-244065389,S2-459185166,India,0.9832449636438648,0.9998478723025754
S1-608617848,S2-606102432,India,0.9904458897593076,0.9998209581122017
S1-385996147,S3-784826478,India,0.9465209911684124,0.9999824305603422
S1-920733817,S3-136330682,India,0.9303553245058701,0.9999755070452981
S1-169146154,S2-636567636,India,0.9086228014577559,0.9977418002938293
S1-585034051,S2-339419942,India,0.8764039896950869,0.9999602389716824
S1-585034051,S3-554799454,India,0.9671892253778797,0.9999602389716824
S1-585034051,S3-739451417,India,0.9550191772926347,0.9999602389716824
S1-585034051,S3-938324547,India,0.9596188963467076,0.9999602389716824
S1-273791806,S3-322032907,India,0.8399102711566355,0.9998315714281567
S1-492642933,S2-375842759,India,0.8423242850961137,0.9999925080699906
S1-345365089,S2-973236850,India,0.8528627958380487,0.9989290335674224
S1-760880118,S2-471620618,India,0.9728013122361305,0.9975649652654952
S1-179742730,S3-815840193,India,0.9315801241517213,0.9315801241517213
S1-179742730,S3-465649623,India,0.8891648698938265,0.9315801241517213
S1-379290990,S2-43922230,India,0.9561560461530785,0.9997957383062372
S1-470113762,S2-541591810,India,0.8676520272811802,0.9991804207730667
S1-684789160,S2-405347547,India,0.8222621018056557,0.9885536799641749
S1-684789160,S2-397358727,India,0.8297361362937489,0.9885536799641749
S1-221146276,S3-442311963,India,0.9228363284136293,0.9984914727365917
S1-228736525,S3-330880729,India,0.809126529115685,0.9769175606296298
S1-420707658,S2-775725094,India,0.999892891426069,0.999892891426069
S1-832874553,S2-598405730,India,0.8268479401716934,0.9998163678500912
S1-569761486,S3-918766915,India,0.998783552826749,0.9995818384292118
S1-191174198,S3-58199463,India,0.9837335793378129,0.9999810525095989
S1-631689932,S2-250580172,India,0.9645695375608766,0.9997758124307572
S1-826451727,S2-625393755,India,0.9563935633910533,0.9999519134204443
S1-980358854,S2-252603352,India,0.9475513084793284,0.9996221231872696
S1-980358854,S3-165913147,India,0.8653574714484952,0.9996221231872696
S1-83178059,S2-265858363,India,0.8889527949672928,0.9998047495725542
S1-550752172,S2-213806871,India,0.988541715554535,0.9999098058580507
S1-245194950,S3-764020524,India,0.9479167417295039,0.9999911951389189
S1-915055984,S2-377766980,India,0.8598804857726803,0.8598804857726803
S1-698373988,S2-894300938,India,0.9057496057155693,0.9999917651443476
S1-57240771,S2-132468139,India,0.9586546291806454,0.9916787502972068
S1-57240771,S3-201790287,India,0.9916787502972068,0.9916787502972068
S1-974377430,S2-356854049,India,0.9054193198475179,0.9972491405941555
S1-786139521,S3-956698509,India,0.9840497372370618,0.9840497372370618
S1-345273030,S2-357812948,India,0.9491565777787071,0.9982358869308245
S1-74725775,S3-82236291,India,0.8678887321307505,0.9999786650680094
S1-567474267,S3-192408531,India,0.8242044864645048,0.9997554644580141
S1-567474267,S2-929249671,India,0.9815368281546538,0.9997554644580141
S1-996085011,S2-788473529,India,0.9943547821454138,0.999987476498001
S1-466629355,S2-1962028,India,0.8674390057959475,0.9741860033694788
S1-369731019,S2-223761101,India,0.8710715436012771,0.9999717354331075
S1-829063335,S2-304728506,India,0.9829108046828479,0.996218966833069
S1-808527418,S2-930405070,India,0.875080334692945,0.9999910837172261
S1-706357125,S3-282848348,India,0.9883719183965518,0.999877681299228
S1-125580260,S3-48562599,India,0.93691440027848,0.9997932169684242
S1-125580260,S2-27915862,India,0.8468373582294889,0.9997932169684242
S1-125580260,S3-669157337,India,0.8807057807677702,0.9997932169684242
S1-794061193,S3-741004078,India,0.9013870746865861,0.9998171723020658
S1-291129744,S2-817004834,India,0.9930418522413792,0.9997555499476808
S1-129407175,S2-412101318,India,0.9992730983867686,0.9999829457314348
S1-533127647,S2-277522786,India,0.9927787016719192,0.9927787016719192
S1-740614331,S2-116395351,India,0.9145148152284145,0.9998035937680096
S1-753424982,S3-345031146,India,0.7264875747449905,0.7264875747449905
S1-81893017,S2-314243972,India,0.9086547679975782,0.9995180900284619
S1-81893017,S2-501206663,India,0.8577148619055721,0.9995180900284619
S1-81893017,S2-149126284,India,0.9417474724037995,0.9995180900284619
S1-300806634,S3-126615934,India,0.8612005317066392,0.9999922815055055
S1-729117085,S3-143130889,India,0.9942678116010156,0.9998785449171683
S1-252933315,S3-31760689,India,0.9187608401976196,0.9999787773586998
S1-392444640,S2-92285119,India,0.8982337072984607,0.9934574327890279
S1-392444640,S2-889541222,India,0.9347675145122429,0.9934574327890279
S1-392444640,S2-346934957,India,0.9072554603170694,0.9934574327890279
S1-381308298,S2-807070299,India,0.9680960790500709,0.9999272465251601
S1-447989472,S3-229194811,India,0.8492594196053671,0.9999790301126035
S1-961583220,S3-604787480,India,0.949249864106073,0.9999925079984381
S1-898823259,S2-364691149,India,0.9698119603787714,0.9999388833019416
S1-898823259,S2-889445098,India,0.9675648487914632,0.9999388833019416
S1-898823259,S2-824741703,India,0.8223515208403712,0.9999388833019416
S1-898823259,S3-485862419,India,0.885969558332266,0.9999388833019416
S1-898823259,S3-564419893,India,0.9625012404653579,0.9999388833019416
S1-898823259,S3-424898028,India,0.9049841159287162,0.9999388833019416
S1-80103831,S2-805011901,India,0.9195493227363263,0.9999659909577163
S1-330177262,S3-248781587,India,0.9923909589360955,0.9991451133521846
S1-664436546,S2-683453,India,0.9239589380890693,0.9999938024880869
S1-257025482,S2-501454727,India,0.8941242345958452,0.8941242345958452
S1-704509873,S3-694802337,India,0.9567752066178883,0.9999794937064566
S1-143605062,S2-310799883,India,0.8600684628457071,0.9999948102217332
S1-633645536,S2-626712429,India,0.8809409852090295,0.9998788838702141
S1-576684870,S2-738928023,India,0.9546454865739988,0.999851621889915
S1-196662678,S3-723650101,India,0.8372368371725362,0.8372368371725362
S1-605975175,S3-249385341,India,0.9881324474231556,0.9999412710764775
S1-625642507,S3-780216501,India,0.9331518655001388,0.9998980942737313
S1-93430406,S3-751416022,India,0.8852369369731264,0.9999616641798861
S1-26559127,S3-470311389,India,0.9877376559566092,0.9997886590631516
S1-973983971,S2-988823742,India,0.8725935359236258,0.9999619536865237
S1-973983971,S2-991404361,India,0.8741848861448436,0.9999619536865237
S1-664944318,S2-920923593,India,0.9078629201824135,0.9994292989242267
S1-735233015,S3-47395051,India,0.8925325958156789,0.9999667016468752
S1-184253093,S2-236061316,India,0.8139317002617947,0.8139317002617947
S1-976067604,S2-253752160,India,0.9192111866430217,0.9999743407687246
S1-976067604,S2-279609865,India,0.8627300670780121,0.9999743407687246
S1-202286894,S2-539276407,India,0.9479207502207423,0.9985056847048934
S1-964045800,S3-624948238,India,0.957027730585334,0.9999752183485972
S1-359958636,S3-754897366,India,0.9819223152143562,0.9999886956751397
S1-275111932,S3-522797191,India,0.8483736067590071,0.9998775362140281
S1-72757855,S3-505610369,India,0.8291710280838155,0.9995967003641923
S1-373590288,S2-393144604,India,0.995947834906797,0.9999471354934041
S1-973286334,S2-36115922,India,0.8340880237609798,0.9928250307477235
S1-267184990,S2-451028107,India,0.9234319672988023,0.999684256573018
S1-133391829,S2-735713810,India,0.9576634613818455,0.9983367815843156
S1-572224385,S2-38039233,India,0.9342589681406668,0.9875131721880065
S1-5730901,S2-362025140,India,0.8943184773367746,0.9996288227133733
S1-113881531,S3-858465046,India,0.9860412109969934,0.9860412109969934
S1-8767124,S2-347577293,India,0.8756502109728472,0.9999949658737631
S1-177996915,S2-541125869,India,0.8210774701456972,0.9999926829258049
S1-333218445,S3-583546773,India,0.8527470001787367,0.9999509432104299
S1-750273577,S3-190364107,India,0.9505589132242774,0.9999742193105278
S1-774384793,S2-921029690,India,0.8706456549462993,0.9999865819394006
S1-694955491,S2-932374970,India,0.8879702022565917,0.9995243110504786
S1-694955491,S3-732549788,India,0.9368129399695136,0.9995243110504786
S1-71081148,S2-123248525,India,0.9345862517561417,0.9761493236508757
S1-214916919,S3-212961270,India,0.960128936924245,0.9877137536818562
S1-64407866,S2-324771528,India,0.8965410878149662,0.9997390685778567
S1-585207560,S2-466180309,India,0.8431592938196557,0.9999442069178511
S1-706832286,S2-929738448,India,0.9604593610537777,0.9604593610537777
S1-706832286,S2-877693852,India,0.9499720813491999,0.9604593610537777
S1-780180074,S2-407201897,India,0.8215395158357345,0.9994624599652865
S1-631618023,S3-397251717,India,0.8269594842660564,0.9999633359921295
S1-263544981,S2-700132977,India,0.9860961295810197,0.9997165824273099
S1-263544981,S2-674638135,India,0.970083485054149,0.9997165824273099
S1-263544981,S2-346592031,India,0.8713165837603203,0.9997165824273099
S1-263544981,S2-935180646,India,0.9949525566320615,0.9997165824273099
S1-263544981,S3-137892801,India,0.9194347587832028,0.9997165824273099
S1-435763098,S2-496525860,India,0.8816423535546126,0.999601720458688
S1-174182667,S3-472976187,India,0.9221340560515444,0.999917249954818
S1-557098242,S2-614735338,India,0.8745230457403883,0.9966545636517549
S1-549877365,S2-948467385,India,0.9848833486148328,0.9998566601693065
S1-191864011,S3-316463710,India,0.9397574200038766,0.9995182481120181
S1-591860253,S2-493038469,India,0.8994492616854911,0.9997810686721731
S1-56187547,S2-994558375,India,0.8965312032054729,0.9996927256125127
S1-204308905,S2-410243539,India,0.9992393905692797,0.9997832443038465
S1-621871924,S2-853500374,India,0.98977800029215,0.9993632280082787
S1-141731846,S2-858955481,India,0.972294490605612,0.9999035996832137
S1-976161465,S3-29506297,India,0.9869598528066443,0.9999934960935719
S1-44188252,S2-111831318,India,0.9277462521890707,0.9277462521890707
S1-790259331,S2-143661786,India,0.9912381062133288,0.9995199207904047
S1-712086538,S2-675861456,India,0.9827495501135152,0.999995371929874
S1-297547586,S2-986084170,India,0.9342519023131904,0.9991531954731488
S1-201299683,S2-621858186,India,0.850702408089652,0.9999754668016689
S1-831316953,S3-838897271,India,0.941240593683379,0.9999816462843522
S1-536350699,S3-459196464,India,0.9833700365953177,0.9996654808751837
S1-774826237,S3-50793362,India,0.9488855641001819,0.9999787131130816
S1-635019194,S2-708063215,India,0.8242458205981446,0.9998959557289828
S1-327991635,S2-332539766,India,0.9460691940411607,0.999572255750513
S1-918808054,S3-805039735,India,0.8386930060906771,0.9998170507514429
S1-918808054,S3-981155091,India,0.9897384021015807,0.9998170507514429
S1-145189554,S3-492651009,India,0.9740479003541754,0.9998360352751843
S1-640331579,S2-281590461,India,0.9577998161130254,0.9999545192177227
S1-725596242,S2-947559261,India,0.9143552579784163,0.9979962382110477
S1-995025795,S2-965971122,India,0.9636029953738644,0.9999911588341396
S1-995025795,S3-846962654,India,0.9961771060745978,0.9999911588341396
S1-995025795,S3-267529097,India,0.9704101592126565,0.9999911588341396
S1-373768721,S3-727605080,India,0.9064823697502384,0.998808427744167
S1-373768721,S3-595565856,India,0.9090010428683262,0.998808427744167
S1-865422624,S2-391392034,India,0.9418760765851037,0.9996179072526636
S1-865422624,S2-804101679,India,0.9250664943379052,0.9996179072526636
S1-969943321,S3-13790994,India,0.9484802146024346,0.9999892135919617
S1-590209803,S2-886828868,India,0.7022438939131408,0.7022438939131408
S1-590209803,S3-568490378,India,0.6195237871026211,0.7022438939131408
S1-913461555,S3-666260361,India,0.8640267621652256,0.9999534422014391
S1-136055796,S2-552162664,India,0.8363422153858968,0.9998632660465923
S1-136055796,S2-6084886,India,0.9439125660778891,0.9998632660465923
S1-381541173,S2-92990776,India,0.9453832808059845,0.9980833289577562
S1-381541173,S2-658267168,India,0.8690014171977937,0.9980833289577562
S1-897027815,S3-953773645,India,0.9362756858979255,0.9999940460829345
S1-477199456,S3-984520933,India,0.9990358426751099,0.9999901447879583
S1-405811284,S2-423087363,India,0.9209967524851574,0.9999508824157093
S1-816204159,S2-244378798,India,0.912753664170988,0.9947132550098549
S1-594393498,S3-430584337,India,0.9739995597170201,0.9999602585328375
S1-872394600,S3-576681197,India,0.8974598210964183,0.9997615964382014
S1-4405835,S2-586378562,India,0.896621244279718,0.9995890475950915
S1-847506666,S3-693063407,India,0.9354784792823504,0.9994682920791732
S1-695392736,S2-82511626,India,0.8663209204278878,0.9999862831677321
S1-371064232,S2-140311539,India,0.8708315431940978,0.9996810843263547
S1-999839887,S3-826417762,India,0.8741240632357723,0.9998537737918113
S1-11885029,S3-150382707,India,0.8199590641136517,0.9999537372725733
S1-105352607,S2-506961854,India,0.8124122425626159,0.989334391194135
S1-217404000,S2-272511496,India,0.9025794545878514,0.9999041934054161
S1-430259435,S3-144865442,India,0.8949627950281077,0.9999737121104305
S1-408333263,S2-508473546,India,0.9260764943448291,0.9260764943448291
S1-408333263,S3-881786305,India,0.9131368560318106,0.9260764943448291
S1-408333263,S3-808615852,India,0.9067636893353822,0.9260764943448291
S1-408333263,S3-902935768,India,0.814109489918425,0.9260764943448291
S1-917205848,S2-459041440,India,0.9802419771330165,0.9999415318018453
S1-732591679,S3-176085549,India,0.9777885808696353,0.9988396062045666
S1-359930778,S3-487849819,India,0.9404263559594497,0.9997838282603344
S1-359930778,S3-726908561,India,0.8914321399788946,0.9997838282603344
S1-65071829,S3-625478016,India,0.8383985277801324,0.9998231064574996
S1-745373602,S2-422799745,India,0.8923654177006711,0.9999683678914809
S1-811313742,S3-597633426,India,0.9620780029949151,0.9999809749861603
S1-792334253,S2-814222311,India,0.8744216057419467,0.999988677688808
S1-783283973,S3-902959925,India,0.9856608427252536,0.9999087351658968
S1-75834381,S3-292532234,India,0.9513709635084882,0.9999725208087004
S1-513121513,S3-614543888,India,0.8260347027017778,0.9999147611973626
S1-5547940,S3-696158593,India,0.9908311647177611,0.9998574576752584
S1-492738335,S2-650254269,India,0.9875160999753098,0.9992231218521789
S1-619368063,S3-316043379,India,0.8247076371527088,0.9999663389831533
S1-619368063,S3-423703654,India,0.944532084118632,0.9999663389831533
S1-594997183,S2-609503992,India,0.825207635229927,0.9998891323404102
S1-366151898,S3-834475947,India,0.9701814666043566,0.998242151634266
S1-646994028,S2-704472968,India,0.9982912262982039,0.9999917724981338
S1-819913843,S2-524603014,India,0.9588753511898747,0.9998225221767343
S1-869955719,S2-988130697,India,0.900044222383759,0.9919346705609698
S1-331256062,S2-425575829,India,0.9509936391235196,0.9999712303566418
S1-938585723,S2-713286793,India,0.9273003765137897,0.999813698358018
S1-537762557,S3-564184305,India,0.9903694761465147,0.9999759264565334
S1-413250109,S2-209604187,India,0.9682193853505242,0.9999460100866071
S1-413250109,S2-466351592,India,0.9899509317861724,0.9999460100866071
S1-682880130,S2-314183467,India,0.9308422205314405,0.9999731622400143
S1-615077986,S3-440650631,India,0.9863717175809765,0.9863717175809765
S1-615077986,S3-344399854,India,0.8524875287008583,0.9863717175809765
S1-615077986,S3-877094438,India,0.9605084400841509,0.9863717175809765
S1-615077986,S3-316224758,India,0.8663530479028899,0.9863717175809765
S1-70130045,S3-517234197,India,0.9911778297027982,0.9999914962638219
S1-295290341,S2-343396226,India,0.8521861038713565,0.9997397694311677
S1-35294377,S3-870555057,India,0.9992553063811566,0.9992553063811566
S1-356803493,S2-452317124,India,0.9847592223625543,0.999939208533508
S1-356803493,S3-269049818,India,0.9536867000138741,0.999939208533508
S1-356803493,S3-356396996,India,0.9643587118884014,0.999939208533508
S1-176398191,S2-23866646,India,0.8417339959116766,0.9999773876535892
S1-176398191,S3-553945458,India,0.9214305097112038,0.9999773876535892
S1-436393901,S2-378050491,India,0.9630540320417185,0.9924030196070494
S1-436393901,S2-220875664,India,0.8413052178269816,0.9924030196070494
S1-811662659,S3-204303522,India,0.9521865161458462,0.9999273626261056
S1-235246799,S3-670282607,India,0.9392134136324936,0.9996073817621409
S1-656758778,S2-637774959,India,0.9940236722548443,0.9940236722548443
S1-943806757,S3-153196167,India,0.8563899356786956,0.9989830257688677
S1-187291671,S3-740235461,India,0.9824189053434689,0.9824189053434689
S1-612321681,S2-515528165,India,0.9931507199722078,0.9999491515514253
S1-779388845,S2-215593486,India,0.9553539094258229,0.9995345460692945
S1-522261920,S3-470010287,India,0.9075701723466716,0.9999597517204801
S1-172308294,S3-631952127,India,0.9422257217591596,0.9995900827610552
S1-499161807,S2-406566948,India,0.9984704856056764,0.999307433401252
S1-448047092,S2-375312213,India,0.911943462832975,0.911943462832975
S1-357557047,S2-810206751,India,0.9919081331603431,0.9997371115081337
S1-930329760,S3-922656518,India,0.9874124269091767,0.9999904154850365
S1-659112899,S2-130523405,India,0.9995399441707997,0.9995399441707997
S1-190430504,S2-117154052,India,0.9136688686446452,0.9998656445161321
S1-439789659,S3-967943914,India,0.7854233214498254,0.7854233214498254
S1-439789659,S3-298872203,India,0.6848197556507144,0.7854233214498254
S1-527484233,S2-631464664,India,0.9385432410249466,0.9993267508892308
S1-246755724,S3-566006213,India,0.9697467355506229,0.9697467355506229
S1-901052014,S2-938193692,India,0.9454553067640874,0.9999456177653426
S1-919427042,S2-817128380,India,0.9631635361364046,0.9631635361364046
S1-137343345,S3-124008607,India,0.7597638971022389,0.7597638971022389
S1-583742165,S3-736193839,India,0.9334635980986886,0.9999126613158081
S1-40226833,S2-703987544,India,0.9979851901144339,0.9999345871872822
S1-274374944,S3-505268616,India,0.9721216939335379,0.9997899541634486
S1-184702224,S2-18680947,India,0.9896302953344213,0.995742577458491
S1-720549998,S3-355143851,India,0.9965672907872535,0.9965672907872535
S1-720549998,S3-674319387,India,0.927198452400315,0.9965672907872535
S1-720549998,S3-509463957,India,0.9637636390767317,0.9965672907872535
S1-720549998,S2-517067085,India,0.9199889139882663,0.9965672907872535
S1-855519329,S3-596847189,India,0.8563526695439412,0.8563526695439412
S1-774762375,S2-243567331,India,0.87798473412682,0.9999235793512732
S1-973411601,S2-151721798,India,0.9587422560534951,0.9975596568482076
S1-986583139,S2-568985586,India,0.9968436308902463,0.999943915339649
S1-648931494,S3-369492503,India,0.9456113971714672,0.9979246475371739
S1-932882429,S2-306033231,India,0.8958339093100978,0.9999668744089629
S1-738551543,S3-700570696,India,0.9426291439991832,0.9999786696291321
S1-273343368,S3-220968389,India,0.8670329247197852,0.9999814759005585
S1-544454216,S3-578161650,India,0.8838443214329588,0.8838443214329588
S1-465918492,S2-955144784,India,0.7862769176962869,0.7862769176962869
S1-305231628,S2-211937334,India,0.9178896285764442,0.9998250008473005
S1-44112672,S3-859947961,India,0.9864128522296385,0.9999438599925015
S1-771580248,S2-919247740,India,0.8780366404548894,0.994986879847104
S1-32150479,S3-542874516,India,0.870494258368124,0.9999934960935719
S1-30631832,S2-93459118,India,0.9940151121045909,0.9999138839673221
S1-30631832,S2-251604390,India,0.9136813545347787,0.9999138839673221
S1-310760957,S2-710753171,India,0.9623902046475825,0.9998410092972422
S1-310760957,S2-90734807,India,0.9639140743868148,0.9998410092972422
S1-467269054,S3-564013023,India,0.9763831414198122,0.9763831414198122
S1-260546647,S2-330616224,India,0.9952174557269843,0.9999775277950942
S1-424960019,S3-432707171,India,0.946831929004879,0.9999947411062591
S1-332807037,S2-296518500,India,0.9033679746460538,0.9999039754351413
S1-357269400,S2-874151174,India,0.9619969536128277,0.9619969536128277
S1-295606882,S3-108526463,India,0.9957532393283124,0.9999023516960058
S1-460658436,S3-989573035,India,0.9319258371742528,0.9408253581573703
S1-460658436,S3-593054993,India,0.9408253581573703,0.9408253581573703
S1-2117867,S3-217375959,India,0.9846883023203914,0.9998974118296647
S1-2117867,S3-36241435,India,0.9821571143634694,0.9998974118296647
S1-86499337,S3-27024053,India,0.8700020779416021,0.9998100007469608
S1-130096835,S2-222620360,India,0.9410288362573113,0.9997435476757439
S1-658583180,S2-726156194,India,0.9718305549053604,0.9999207269064941
S1-809112276,S3-205163898,India,0.9574041933028002,0.9998317431931826
S1-801350110,S2-511393932,India,0.8843608492212267,0.9999732010776445
S1-728391782,S2-926791407,India,0.9393863538060554,0.997208046022665
S1-728391782,S2-406724915,India,0.9042950928804712,0.997208046022665
S1-443236314,S2-756724965,India,0.9531525631638104,0.9624170454551322
S1-443236314,S2-473849313,India,0.9220556515716753,0.9624170454551322
S1-672022274,S3-868304109,India,0.9638731348073225,0.9999072381260584
S1-69951732,S2-410872632,India,0.8265055623551623,0.9999375319585552
S1-113906214,S2-809777036,India,0.9660630003243281,0.9999827725145584
S1-385437252,S2-595722788,India,0.9173016861375711,0.999877266817724
S1-55786559,S2-29173229,India,0.938965789799184,0.9999706244852354
S1-55786559,S2-943427427,India,0.9292523971578025,0.9999706244852354
S1-355093920,S2-272767313,India,0.9567410623725782,0.9567410623725782
S1-192710607,S2-528096191,India,0.8694710553347811,0.9988017500400803
S1-192710607,S2-893355973,India,0.9988017500400803,0.9988017500400803
S1-621256919,S3-20545683,India,0.9752103670290033,0.9998086284953125
S1-702685839,S2-308644773,India,0.9653374603500395,0.9653374603500395
S1-169858211,S3-830207702,India,0.8778932919199663,0.9999077784307444
S1-449252130,S3-590239414,India,0.9725112036372886,0.9939084717328647
S1-864477037,S2-336140595,India,0.9144179881890034,0.9993805236141198
S1-508178286,S3-278684224,India,0.8250881607390148,0.9996172666644588
S1-508178286,S2-582720276,India,0.9939808389838828,0.9996172666644588
S1-70872001,S3-646769452,India,0.9760848491223716,0.999988624434879
S1-802738798,S3-288436232,India,0.9318060339580221,0.999930270689375
S1-283772736,S2-360997815,India,0.8872344344434894,0.9999381326067778
S1-283772736,S2-839384948,India,0.8763209364001564,0.9999381326067778
S1-538407637,S3-676549644,India,0.9918413976076278,0.9999917469755136
S1-946198732,S2-956021670,India,0.9294036284104146,0.9998169682226936
S1-946198732,S2-89198284,India,0.8960069637931852,0.9998169682226936
S1-842562154,S2-807240987,India,0.9236425540514948,0.9974498729565411
S1-339098421,S3-624349952,India,0.9496478871519243,0.9999101931694199
S1-620702588,S2-96648597,India,0.8333771187109508,0.9825481255428204
S1-365412614,S2-408109151,India,0.8397713285266821,0.9998443700085077
S1-22899950,S3-15580576,India,0.9699006563222001,0.9998102869261901
S1-363969679,S2-740663523,India,0.9629582947186922,0.9999769127568979
S1-363969679,S3-528158081,India,0.9559030444159227,0.9999769127568979
S1-363969679,S3-60589449,India,0.9731937684303582,0.9999769127568979
S1-513040690,S2-931722488,India,0.8912581979525084,0.9995770465056245
S1-224501709,S3-362457917,India,0.8170601385604265,0.8170601385604265
S1-587471295,S3-79012726,India,0.9537023822699584,0.9758053569336537
