s1_id,target_id,country,channels,category,candidate_count
S1-75134768,S3-146641895,India,address_key,ranking_or_pruned_key,60
S1-2106291,S3-289036768,India,address_key,ranking_or_pruned_key,60
S1-2106291,S2-530719559,India,address_key,ranking_or_pruned_key,60
S1-951609532,S3-923036150,India,name_token;address_key;shared_trigram,ranking_or_pruned_key,60
S1-599145787,S2-499470964,India,name_token;name_prefix4;acronym;shared_trigram,ranking_or_pruned_key,60
S1-866587933,S3-608209592,India,address_key;shared_trigram,ranking_or_pruned_key,60
S1-63099926,S3-794057967,India,name_token;name_prefix4;address_key;acronym;shared_trigram,ranking_or_pruned_key,60
S1-40214460,S2-48947172,India,name_token;name_prefix4;acronym;shared_trigram,ranking_or_pruned_key,60
S1-37071617,S3-199597919,India,name_prefix4;address_key;shared_trigram,ranking_or_pruned_key,60
S1-142434511,S2-429267687,India,address_key,ranking_or_pruned_key,60
S1-996672552,S2-126619370,India,address_key,ranking_or_pruned_key,60
S1-921624599,S3-707283374,India,address_key,ranking_or_pruned_key,60
S1-756412192,S3-624683560,India,name_token;address_key;acronym;shared_trigram,ranking_or_pruned_key,60
S1-756412192,S3-18370134,India,name_token;name_prefix4;address_key;acronym;shared_trigram,ranking_or_pruned_key,60
S1-756412192,S3-380815006,India,name_token;name_prefix4;address_key;acronym;shared_trigram,ranking_or_pruned_key,60
S1-370065226,S3-954639062,India,name_token;name_prefix4;acronym;shared_trigram,ranking_or_pruned_key,60
S1-854246466,S2-435377937,India,name_token;shared_trigram,ranking_or_pruned_key,60
S1-793357478,S3-406761396,India,name_token;name_prefix4;shared_trigram,ranking_or_pruned_key,60
S1-793357478,S2-714594218,India,name_token;name_prefix4;acronym;shared_trigram,ranking_or_pruned_key,60
S1-226817070,S2-351190792,India,name_token;name_prefix4;acronym;shared_trigram,ranking_or_pruned_key,60
S1-450445240,S2-855076344,India,,no_shared_key,60
S1-450445240,S3-229116455,India,name_token;name_prefix4;shared_trigram,ranking_or_pruned_key,60
S1-630262795,S3-268644256,India,address_key,ranking_or_pruned_key,60
S1-630262795,S3-709361393,India,address_key,ranking_or_pruned_key,60
S1-404162302,S3-118448978,India,address_key,ranking_or_pruned_key,60
S1-323640950,S2-518683424,India,name_token;name_prefix4;acronym;shared_trigram,ranking_or_pruned_key,60
S1-632999438,S3-892196502,India,name_token;name_prefix4;acronym;shared_trigram,ranking_or_pruned_key,60
S1-93695493,S3-184528079,India,name_token;name_prefix4;acronym;shared_trigram,ranking_or_pruned_key,60
S1-606614661,S3-988004881,India,name_token;name_prefix4;address_key;acronym;shared_trigram,ranking_or_pruned_key,60
S1-33991297,S2-977641501,India,address_key;shared_trigram,ranking_or_pruned_key,60
S1-761271025,S2-537031402,India,address_key,ranking_or_pruned_key,60
S1-761271025,S2-236759007,India,name_token;name_prefix4;address_key;shared_trigram,ranking_or_pruned_key,60
S1-761271025,S3-865340085,India,,no_shared_key,60
S1-761271025,S3-631636405,India,address_key,ranking_or_pruned_key,60
S1-53256625,S2-105931296,India,name_token;name_prefix4;address_key;shared_trigram,ranking_or_pruned_key,60
S1-53256625,S2-979530601,India,name_token;shared_trigram,ranking_or_pruned_key,60
S1-53256625,S3-278505725,India,shared_trigram,ngram_only,60
S1-878987100,S3-957922317,India,name_token;address_key;acronym;shared_trigram,ranking_or_pruned_key,60
S1-490383704,S3-888090225,India,name_prefix4;address_key;shared_trigram,ranking_or_pruned_key,60
S1-734868816,S3-38428976,India,,no_shared_key,60
S1-752617685,S2-496984512,India,name_token;name_prefix4;acronym;shared_trigram,ranking_or_pruned_key,60
S1-536677513,S3-870647182,India,,no_shared_key,60
S1-713015230,S2-209326694,India,address_key,ranking_or_pruned_key,60
S1-713015230,S2-500471970,India,address_key,ranking_or_pruned_key,60
S1-751071143,S2-833024733,India,name_token;name_prefix4;address_key;acronym;shared_trigram,ranking_or_pruned_key,60
S1-751071143,S2-982103545,India,name_token;name_prefix4;address_key;acronym;shared_trigram,ranking_or_pruned_key,60
S1-880007856,S3-633482734,India,,no_shared_key,60
S1-880007856,S2-814328149,India,address_key,ranking_or_pruned_key,60
S1-369479518,S2-674883928,India,address_key,ranking_or_pruned_key,60
S1-606513186,S3-730327918,India,name_token;address_key;shared_trigram,ranking_or_pruned_key,60
S1-606513186,S3-218426096,India,name_token;name_prefix4;shared_trigram,ranking_or_pruned_key,60
S1-606513186,S2-932297924,India,name_token;name_prefix4;shared_trigram,ranking_or_pruned_key,60
S1-407625978,S3-214581576,India,exact_name;name_token;name_prefix4;acronym;shared_trigram,ranking_or_pruned_key,60
S1-202136395,S3-770716211,India,name_token;name_prefix4;shared_trigram,ranking_or_pruned_key,60
S1-860215100,S3-514968543,India,name_token;name_prefix4;shared_trigram,ranking_or_pruned_key,60
S1-860215100,S3-153337248,India,,no_shared_key,60
S1-659982031,S2-322938608,India,name_token;name_prefix4;address_key;acronym;shared_trigram,ranking_or_pruned_key,60
S1-610320727,S3-91778690,India,name_token;name_prefix4;acronym;shared_trigram,ranking_or_pruned_key,60
S1-610320727,S2-236055237,India,name_token;name_prefix4;acronym;shared_trigram,ranking_or_pruned_key,60
S1-709383679,S2-339408538,India,name_token;name_prefix4;acronym;shared_trigram,ranking_or_pruned_key,60
S1-709383679,S2-825115996,India,shared_trigram,ngram_only,60
S1-557016476,S2-248367740,India,shared_trigram,ngram_only,60
S1-84326836,S2-776942336,India,address_key,ranking_or_pruned_key,60
S1-84326836,S2-182218842,India,address_key,ranking_or_pruned_key,60
S1-84326836,S2-269828828,India,address_key,ranking_or_pruned_key,60
S1-86800636,S3-69915030,India,address_key,ranking_or_pruned_key,60
S1-464821251,S3-746541011,India,name_token;address_key;shared_trigram,ranking_or_pruned_key,60
S1-464821251,S2-348883399,India,address_key,ranking_or_pruned_key,60
S1-895406342,S3-175057214,India,address_key,ranking_or_pruned_key,60
S1-932030310,S3-725521340,India,name_token;address_key;shared_trigram,ranking_or_pruned_key,60
S1-25206147,S3-793375337,India,name_token;acronym;shared_trigram,ranking_or_pruned_key,60
S1-733794690,S2-986317067,India,,no_shared_key,60
S1-733794690,S3-9566755,India,address_key,ranking_or_pruned_key,60
S1-987745508,S3-877634279,India,address_key;shared_trigram,ranking_or_pruned_key,60
S1-962784092,S2-359076162,India,address_key,ranking_or_pruned_key,60
S1-275290008,S3-536025886,India,address_key;shared_trigram,ranking_or_pruned_key,60
S1-690360298,S3-998522755,India,name_token;name_prefix4;address_key;acronym;shared_trigram,ranking_or_pruned_key,60
S1-690360298,S2-681092813,India,name_token;name_prefix4;address_key;acronym;shared_trigram,ranking_or_pruned_key,60
S1-946510820,S3-706132652,India,name_prefix4;address_key;shared_trigram,ranking_or_pruned_key,60
S1-946510820,S2-7340921,India,address_key,ranking_or_pruned_key,60
S1-946510820,S2-427652591,India,name_token;name_prefix4;acronym;shared_trigram,ranking_or_pruned_key,60
S1-480852512,S3-306851390,India,name_token;name_prefix4;shared_trigram,ranking_or_pruned_key,60
S1-832343215,S2-55871967,India,address_key,ranking_or_pruned_key,60
S1-799552310,S3-721588208,India,address_key,ranking_or_pruned_key,60
S1-799552310,S2-355416919,India,name_token;address_key;shared_trigram,ranking_or_pruned_key,60
S1-799552310,S2-942194068,India,address_key,ranking_or_pruned_key,60
S1-568347917,S2-408725619,India,name_token;name_prefix4;acronym;shared_trigram,ranking_or_pruned_key,60
S1-568347917,S2-19546265,India,name_token;name_prefix4;acronym;shared_trigram,ranking_or_pruned_key,60
S1-360014624,S3-432584389,India,name_token;name_prefix4;address_key;shared_trigram,ranking_or_pruned_key,60
S1-127253726,S3-57520827,India,name_token;name_prefix4;shared_trigram,ranking_or_pruned_key,60
S1-174418269,S2-639977361,India,address_key,ranking_or_pruned_key,60
S1-888993962,S3-770516723,India,name_token;name_prefix4;acronym;shared_trigram,ranking_or_pruned_key,60
S1-566568934,S3-311064370,India,address_key,ranking_or_pruned_key,60
S1-566568934,S2-577635219,India,,no_shared_key,60
S1-566568934,S2-272772412,India,,no_shared_key,60
S1-300716451,S3-962096882,India,name_token;name_prefix4;address_key;shared_trigram,ranking_or_pruned_key,60
S1-817160241,S3-869068408,India,name_token;address_key;shared_trigram,ranking_or_pruned_key,60
S1-817160241,S3-167382100,India,name_prefix4;address_key;shared_trigram,ranking_or_pruned_key,60
S1-403343158,S3-251120379,India,address_key,ranking_or_pruned_key,60
S1-403343158,S3-644461952,India,name_token;address_key;acronym;shared_trigram,ranking_or_pruned_key,60
S1-403343158,S3-580530323,India,name_token;address_key;shared_trigram,ranking_or_pruned_key,60
S1-275803372,S3-28484534,India,name_token;name_prefix4;address_key;acronym;shared_trigram,ranking_or_pruned_key,60
S1-871328982,S2-253936086,India,name_token;shared_trigram,ranking_or_pruned_key,60
S1-871328982,S3-121814288,India,name_token;name_prefix4;shared_trigram,ranking_or_pruned_key,60
S1-408250359,S3-900273575,India,address_key,ranking_or_pruned_key,60
S1-408250359,S2-96182901,India,address_key,ranking_or_pruned_key,60
S1-337308782,S3-634200850,India,name_prefix4;address_key;shared_trigram,ranking_or_pruned_key,60
S1-250224137,S3-530254701,India,name_token;shared_trigram,ranking_or_pruned_key,60
S1-250224137,S3-521554825,India,name_token;name_prefix4;shared_trigram,ranking_or_pruned_key,60
S1-213509740,S3-915557096,India,name_token;name_prefix4;acronym;shared_trigram,ranking_or_pruned_key,60
S1-213509740,S3-380360483,India,,no_shared_key,60
S1-107958883,S3-439274169,India,name_token;address_key;shared_trigram,ranking_or_pruned_key,60
S1-316713328,S3-569068145,India,name_token;name_prefix4;acronym;shared_trigram,ranking_or_pruned_key,60
S1-316713328,S2-301366080,India,name_token;acronym;shared_trigram,ranking_or_pruned_key,60
S1-191485373,S2-698952177,India,name_token;name_prefix4;acronym;shared_trigram,ranking_or_pruned_key,60
S1-191485373,S3-233476599,India,name_token;name_prefix4;address_key;acronym;shared_trigram,ranking_or_pruned_key,60
S1-582245354,S2-496053709,India,address_key,ranking_or_pruned_key,60
S1-582245354,S3-607251915,India,address_key,ranking_or_pruned_key,60
S1-906268285,S3-724884716,India,address_key,ranking_or_pruned_key,60
S1-846355413,S3-835502372,India,name_token;name_prefix4;address_key;shared_trigram,ranking_or_pruned_key,60
S1-854128660,S2-584105579,India,address_key,ranking_or_pruned_key,60
S1-197347942,S3-283314794,India,name_token;name_prefix4;acronym;shared_trigram,ranking_or_pruned_key,60
S1-197347942,S3-604767231,India,name_token;name_prefix4;acronym;shared_trigram,ranking_or_pruned_key,60
S1-197347942,S3-702429130,India,name_token;name_prefix4;shared_trigram,ranking_or_pruned_key,60
S1-460149531,S2-295471361,India,address_key,ranking_or_pruned_key,60
S1-460149531,S3-782400610,India,,no_shared_key,60
S1-460149531,S3-513766043,India,name_token;name_prefix4;shared_trigram,ranking_or_pruned_key,60
S1-460149531,S3-493281697,India,,no_shared_key,60
S1-356277362,S2-505886542,India,name_token;shared_trigram,ranking_or_pruned_key,60
S1-356277362,S3-45531210,India,name_token;name_prefix4;acronym;shared_trigram,ranking_or_pruned_key,60
S1-28634688,S3-665152861,India,name_token;name_prefix4;shared_trigram,ranking_or_pruned_key,60
S1-998393388,S2-897211506,India,address_key,ranking_or_pruned_key,60
S1-935200430,S3-206117529,India,,no_shared_key,60
S1-353268984,S2-846977913,India,,no_shared_key,60
S1-353268984,S3-835477602,India,,no_shared_key,60
S1-740280811,S3-292550234,India,name_token;name_prefix4;address_key;acronym;shared_trigram,ranking_or_pruned_key,60
S1-154356999,S2-568176352,India,name_token;name_prefix4;address_key;acronym;shared_trigram,ranking_or_pruned_key,60
S1-971414454,S2-131740827,India,,no_shared_key,60
S1-29134313,S2-484738634,India,name_token;name_prefix4;address_key;shared_trigram,ranking_or_pruned_key,60
S1-402840444,S3-733517710,India,name_token;name_prefix4;acronym;shared_trigram,ranking_or_pruned_key,60
S1-790880772,S3-557435238,India,name_token;address_key;shared_trigram,ranking_or_pruned_key,60
S1-821785151,S3-94076947,India,,no_shared_key,60
S1-451766620,S3-99797336,India,name_token;name_prefix4;address_key;shared_trigram,ranking_or_pruned_key,60
S1-560757725,S2-66361697,India,name_token;name_prefix4;shared_trigram,ranking_or_pruned_key,60
S1-560757725,S3-527932187,India,,no_shared_key,60
S1-560757725,S2-66575398,India,address_key,ranking_or_pruned_key,60
S1-560757725,S3-379878439,India,,no_shared_key,60
S1-130287662,S3-37596960,India,name_token;name_prefix4;acronym;shared_trigram,ranking_or_pruned_key,60
S1-597052421,S3-98566523,India,name_token;address_key;shared_trigram,ranking_or_pruned_key,60
S1-58421268,S3-917861568,India,,no_shared_key,60
S1-590350167,S3-425955481,India,,no_shared_key,60
S1-590350167,S2-475339246,India,address_key,ranking_or_pruned_key,60
S1-590350167,S3-969087967,India,address_key,ranking_or_pruned_key,60
S1-213123744,S3-943427670,India,name_token;address_key;shared_trigram,ranking_or_pruned_key,60
S1-713186161,S3-740432269,India,name_token;address_key;shared_trigram,ranking_or_pruned_key,60
S1-510717269,S2-646849439,India,name_token;name_prefix4;acronym;shared_trigram,ranking_or_pruned_key,60
S1-201108305,S3-773084595,India,name_token;name_prefix4;shared_trigram,ranking_or_pruned_key,60
S1-815423684,S3-59422732,India,name_token;name_prefix4;acronym;shared_trigram,ranking_or_pruned_key,60
S1-815423684,S3-676381460,India,name_token;name_prefix4;shared_trigram,ranking_or_pruned_key,60
S1-369477526,S2-298216485,India,,no_shared_key,60
S1-790756465,S2-783599235,India,address_key,ranking_or_pruned_key,60
S1-790756465,S3-589183676,India,name_token;name_prefix4;address_key;shared_trigram,ranking_or_pruned_key,60
S1-790756465,S3-591734343,India,name_token;shared_trigram,ranking_or_pruned_key,60
S1-193543596,S2-839963808,India,name_token;name_prefix4;shared_trigram,ranking_or_pruned_key,60
S1-917588610,S3-459736910,India,name_token;name_prefix4;address_key;shared_trigram,ranking_or_pruned_key,60
S1-259109480,S2-969401089,India,name_token;name_prefix4;acronym;shared_trigram,ranking_or_pruned_key,60
S1-288836208,S2-138178623,India,name_prefix4;address_key;shared_trigram,ranking_or_pruned_key,60
S1-417129860,S3-570569339,India,name_token;name_prefix4;address_key;shared_trigram,ranking_or_pruned_key,60
S1-417129860,S3-348934247,India,name_token;name_prefix4;acronym;shared_trigram,ranking_or_pruned_key,60
S1-555331810,S2-458703934,India,name_token;name_prefix4;acronym;shared_trigram,ranking_or_pruned_key,60
S1-555331810,S2-927687234,India,,no_shared_key,60
S1-555331810,S2-244548978,India,,no_shared_key,60
S1-659330015,S2-348089351,India,address_key,ranking_or_pruned_key,60
S1-920290616,S2-183537437,India,address_key;shared_trigram,ranking_or_pruned_key,60
S1-920290616,S2-735109539,India,address_key,ranking_or_pruned_key,60
S1-777063845,S3-616662374,India,name_token;shared_trigram,ranking_or_pruned_key,60
S1-777063845,S3-19495920,India,name_token;name_prefix4;shared_trigram,ranking_or_pruned_key,60
S1-777063845,S2-651882481,India,name_token;shared_trigram,ranking_or_pruned_key,60
S1-771765132,S3-135717310,India,name_token;name_prefix4;shared_trigram,ranking_or_pruned_key,60
S1-20946419,S2-836639609,India,address_key,ranking_or_pruned_key,60
S1-20946419,S3-702376269,India,address_key,ranking_or_pruned_key,60
S1-20946419,S3-625817579,India,address_key,ranking_or_pruned_key,60
S1-20946419,S2-215938744,India,,no_shared_key,60
S1-45544354,S2-9244010,India,,no_shared_key,60
S1-45544354,S2-634892253,India,address_key,ranking_or_pruned_key,60
S1-260048945,S2-333993255,India,address_key,ranking_or_pruned_key,60
S1-573198582,S3-282589602,India,name_token;name_prefix4;acronym;shared_trigram,ranking_or_pruned_key,60
S1-985099370,S2-39231562,India,address_key,ranking_or_pruned_key,60
S1-985099370,S2-428341335,India,address_key,ranking_or_pruned_key,60
S1-340809855,S3-226970525,India,name_token;name_prefix4;shared_trigram,ranking_or_pruned_key,60
S1-244065389,S2-549518047,India,name_token;acronym;shared_trigram,ranking_or_pruned_key,60
S1-408241220,S3-799547342,India,name_token;name_prefix4;shared_trigram,ranking_or_pruned_key,60
S1-585034051,S3-665080392,India,name_token;name_prefix4;acronym;shared_trigram,ranking_or_pruned_key,60
S1-585034051,S2-866199103,India,name_token;name_prefix4;acronym;shared_trigram,ranking_or_pruned_key,60
S1-273791806,S3-761748120,India,name_token;name_prefix4;acronym;shared_trigram,ranking_or_pruned_key,60
S1-379290990,S2-521308948,India,address_key,ranking_or_pruned_key,60
S1-379290990,S2-289895038,India,address_key,ranking_or_pruned_key,60
S1-293986205,S2-700428338,India,address_key,ranking_or_pruned_key,60
S1-917024463,S3-355689824,India,name_token;address_key;shared_trigram,ranking_or_pruned_key,60
S1-881005671,S3-285968896,India,name_token;name_prefix4;acronym;shared_trigram,ranking_or_pruned_key,60
S1-543223237,S3-854238739,India,,no_shared_key,60
S1-543223237,S3-868754194,India,name_token;name_prefix4;shared_trigram,ranking_or_pruned_key,60
S1-543223237,S3-931288465,India,name_token;shared_trigram,ranking_or_pruned_key,60
S1-543223237,S2-468192013,India,address_key,ranking_or_pruned_key,60
S1-228736525,S2-54077385,India,name_token;name_prefix4;address_key;acronym;shared_trigram,ranking_or_pruned_key,60
S1-7290087,S2-176344314,India,,no_shared_key,60
S1-96886326,S2-34439105,India,address_key,ranking_or_pruned_key,60
S1-96886326,S3-282460248,India,address_key,ranking_or_pruned_key,60
S1-180389808,S3-124459049,India,acronym;shared_trigram,ranking_or_pruned_key,60
S1-750648817,S2-722148340,India,name_token;name_prefix4;address_key;acronym;shared_trigram,ranking_or_pruned_key,60
S1-750648817,S3-134545940,India,name_prefix4;address_key;shared_trigram,ranking_or_pruned_key,60
S1-641599295,S3-730239302,India,address_key,ranking_or_pruned_key,60
S1-885475183,S3-808978859,India,name_token;address_key;acronym;shared_trigram,ranking_or_pruned_key,60
S1-885475183,S2-16369248,India,address_key,ranking_or_pruned_key,60
S1-191174198,S3-563517076,India,name_token;acronym;shared_trigram,ranking_or_pruned_key,60
S1-631689932,S3-819677021,India,name_token;name_prefix4;address_key;shared_trigram,ranking_or_pruned_key,60
S1-980358854,S3-686884182,India,name_token;name_prefix4;shared_trigram,ranking_or_pruned_key,60
S1-1671758,S3-517604510,India,name_token;name_prefix4;address_key;acronym;shared_trigram,ranking_or_pruned_key,60
S1-915055984,S2-986355408,India,name_token;name_prefix4;address_key;acronym;shared_trigram,ranking_or_pruned_key,60
S1-915055984,S2-118508150,India,name_token;name_prefix4;address_key;acronym;shared_trigram,ranking_or_pruned_key,60
S1-915055984,S3-336213579,India,name_prefix4;shared_trigram,ranking_or_pruned_key,60
S1-57240771,S3-39840300,India,name_token;name_prefix4;address_key;shared_trigram,ranking_or_pruned_key,60
S1-974377430,S3-861687545,India,name_token;name_prefix4;address_key;shared_trigram,ranking_or_pruned_key,60
S1-786139521,S2-433026358,India,name_prefix4;address_key;shared_trigram,ranking_or_pruned_key,60
S1-345273030,S3-484644427,India,name_token;name_prefix4;acronym;shared_trigram,ranking_or_pruned_key,60
S1-74725775,S3-872454447,India,address_key,ranking_or_pruned_key,60
S1-466629355,S3-42457547,India,name_token;acronym;shared_trigram,ranking_or_pruned_key,60
S1-376580210,S2-184215312,India,address_key,ranking_or_pruned_key,60
S1-829063335,S3-724526162,India,name_token;name_prefix4;address_key;shared_trigram,ranking_or_pruned_key,60
S1-324810425,S3-439568064,India,name_token;name_prefix4;acronym;shared_trigram,ranking_or_pruned_key,60
S1-324810425,S3-772468831,India,name_prefix4;shared_trigram,ranking_or_pruned_key,60
S1-37947702,S3-453980768,India,name_token;shared_trigram,ranking_or_pruned_key,60
S1-123482379,S2-679661342,India,,no_shared_key,60
S1-915070321,S3-178036891,India,address_key;shared_trigram,ranking_or_pruned_key,60
S1-555426020,S2-975431039,India,,no_shared_key,60
S1-555426020,S2-184615615,India,,no_shared_key,60
S1-706357125,S2-561809930,India,address_key,ranking_or_pruned_key,60
S1-706357125,S2-123722599,India,address_key,ranking_or_pruned_key,60
S1-733648132,S3-291857823,India,name_token;name_prefix4;address_key;acronym;shared_trigram,ranking_or_pruned_key,60
S1-733648132,S3-710631085,India,exact_name;name_token;name_prefix4;acronym;shared_trigram,ranking_or_pruned_key,60
S1-733648132,S2-446682198,India,name_token;acronym;shared_trigram,ranking_or_pruned_key,60
S1-291129744,S3-357761801,India,name_token;address_key;shared_trigram,ranking_or_pruned_key,60
S1-927806548,S3-473280015,India,name_token;address_key;shared_trigram,ranking_or_pruned_key,60
S1-591350505,S2-924018917,India,address_key,ranking_or_pruned_key,60
S1-774957804,S3-285461206,India,name_token;name_prefix4;address_key;acronym;shared_trigram,ranking_or_pruned_key,60
S1-80124273,S3-600244437,India,address_key,ranking_or_pruned_key,60
S1-80124273,S2-363439169,India,address_key,ranking_or_pruned_key,60
S1-454987366,S2-458046325,India,address_key,ranking_or_pruned_key,60
S1-480912856,S3-107831100,India,address_key,ranking_or_pruned_key,60
S1-76931997,S2-950451255,India,name_token;name_prefix4;acronym;shared_trigram,ranking_or_pruned_key,60
S1-740614331,S2-27559783,India,,no_shared_key,60
S1-753424982,S2-520694758,India,name_token;name_prefix4;acronym;shared_trigram,ranking_or_pruned_key,60
S1-447227548,S3-330812870,India,name_token;name_prefix4;acronym;shared_trigram,ranking_or_pruned_key,60
S1-81893017,S3-116468229,India,name_token;shared_trigram,ranking_or_pruned_key,60
S1-729414084,S3-946407074,India,name_token;name_prefix4;address_key;shared_trigram,ranking_or_pruned_key,60
S1-729414084,S3-434043584,India,name_token;shared_trigram,ranking_or_pruned_key,60
S1-940531426,S3-428225253,India,name_token;name_prefix4;address_key;shared_trigram,ranking_or_pruned_key,60
S1-940531426,S3-641216293,India,,no_shared_key,60
S1-729117085,S3-891293659,India,name_token;name_prefix4;address_key;shared_trigram,ranking_or_pruned_key,60
S1-729117085,S2-198418625,India,name_token;name_prefix4;acronym;shared_trigram,ranking_or_pruned_key,60
S1-729117085,S3-892503851,India,name_token;address_key;shared_trigram,ranking_or_pruned_key,60
S1-369083586,S3-797994261,India,name_token;acronym;shared_trigram,ranking_or_pruned_key,60
S1-392444640,S2-974368820,India,name_token;name_prefix4;shared_trigram,ranking_or_pruned_key,60
S1-17663804,S2-507919807,India,,no_shared_key,60
S1-17663804,S3-984104242,India,name_prefix4;shared_trigram,ranking_or_pruned_key,60
S1-95663165,S3-26502867,India,name_token;name_prefix4;acronym;shared_trigram,ranking_or_pruned_key,60
S1-381308298,S2-474395865,India,name_token;name_prefix4;acronym;shared_trigram,ranking_or_pruned_key,60
S1-336227220,S3-863752559,India,name_token;shared_trigram,ranking_or_pruned_key,60
S1-950482312,S2-791964181,India,name_token;name_prefix4;address_key;acronym;shared_trigram,ranking_or_pruned_key,60
S1-950482312,S2-748801229,India,name_prefix4;address_key;shared_trigram,ranking_or_pruned_key,60
S1-950482312,S2-294131897,India,name_token;name_prefix4;shared_trigram,ranking_or_pruned_key,60
S1-950482312,S3-697325161,India,name_token;name_prefix4;address_key;acronym;shared_trigram,ranking_or_pruned_key,60
S1-950482312,S3-848269265,India,name_token;name_prefix4;address_key;acronym;shared_trigram,ranking_or_pruned_key,60
S1-966691499,S3-403241851,India,name_token;name_prefix4;acronym;shared_trigram,ranking_or_pruned_key,60
S1-966691499,S2-231678038,India,address_key,ranking_or_pruned_key,60
S1-966691499,S2-193059361,India,address_key,ranking_or_pruned_key,60
S1-898823259,S3-432598440,India,name_token;name_prefix4;address_key;acronym;shared_trigram,ranking_or_pruned_key,60
S1-905858847,S3-127344487,India,name_token;acronym;shared_trigram,ranking_or_pruned_key,60
S1-905858847,S3-485503450,India,name_token;name_prefix4;address_key;shared_trigram,ranking_or_pruned_key,60
S1-257025482,S3-205700629,India,name_token;address_key;shared_trigram,ranking_or_pruned_key,60
S1-143605062,S3-784881744,India,name_token;address_key;shared_trigram,ranking_or_pruned_key,60
S1-400377867,S3-228607937,India,address_key,ranking_or_pruned_key,60
S1-472886706,S2-295541045,India,name_token;name_prefix4;acronym;shared_trigram,ranking_or_pruned_key,60
S1-472886706,S3-439594581,India,name_prefix4;shared_trigram,ranking_or_pruned_key,60
S1-7772926,S2-89413617,India,name_token;name_prefix4;address_key;acronym;shared_trigram,ranking_or_pruned_key,60
S1-7772926,S2-833668226,India,address_key,ranking_or_pruned_key,60
S1-29145302,S3-120263524,India,name_token;name_prefix4;acronym;shared_trigram,ranking_or_pruned_key,60
S1-813002318,S3-216119505,India,,no_shared_key,60
S1-813002318,S2-429457325,India,name_token;address_key;acronym;shared_trigram,ranking_or_pruned_key,60
S1-813002318,S2-745328840,India,address_key,ranking_or_pruned_key,60
S1-93430406,S2-726832109,India,name_token;address_key;shared_trigram,ranking_or_pruned_key,60
S1-93430406,S3-89185818,India,name_token;shared_trigram,ranking_or_pruned_key,60
S1-636710531,S3-58226341,India,name_token;name_prefix4;acronym;shared_trigram,ranking_or_pruned_key,60
S1-215947896,S3-689895811,India,name_token;name_prefix4;acronym;shared_trigram,ranking_or_pruned_key,60
S1-537467576,S2-404609010,India,name_token;address_key;shared_trigram,ranking_or_pruned_key,60
S1-51675871,S3-287743212,India,name_prefix4;shared_trigram,ranking_or_pruned_key,60
S1-51675871,S3-70508153,India,name_token;shared_trigram,ranking_or_pruned_key,60
S1-51675871,S3-819828963,India,name_token;name_prefix4;shared_trigram,ranking_or_pruned_key,60
S1-51675871,S3-43311252,India,name_token;name_prefix4;acronym;shared_trigram,ranking_or_pruned_key,60
S1-51675871,S3-24162581,India,name_token;name_prefix4;shared_trigram,ranking_or_pruned_key,60
S1-51675871,S3-603546400,India,name_token;shared_trigram,ranking_or_pruned_key,60
S1-361910009,S2-680272665,India,,no_shared_key,60
S1-361910009,S3-916977863,India,name_token;name_prefix4;acronym;shared_trigram,ranking_or_pruned_key,60
S1-363319833,S3-728262993,India,name_token;name_prefix4;acronym;shared_trigram,ranking_or_pruned_key,60
S1-301320936,S3-534804791,India,address_key,ranking_or_pruned_key,60
S1-72757855,S3-266930738,India,name_token;name_prefix4;address_key;shared_trigram,ranking_or_pruned_key,60
S1-72757855,S2-904452460,India,address_key,ranking_or_pruned_key,60
S1-373590288,S3-942111412,India,,no_shared_key,60
S1-373590288,S3-699474775,India,name_token;name_prefix4;acronym;shared_trigram,ranking_or_pruned_key,60
S1-973286334,S3-493368314,India,name_token;name_prefix4;acronym;shared_trigram,ranking_or_pruned_key,60
S1-973286334,S2-335009575,India,address_key,ranking_or_pruned_key,60
S1-671188991,S3-202358580,India,name_token;acronym;shared_trigram,ranking_or_pruned_key,60
S1-346273886,S3-741096465,India,name_token;name_prefix4;address_key;acronym;shared_trigram,ranking_or_pruned_key,60
S1-346273886,S3-697884676,India,name_token;name_prefix4;acronym;shared_trigram,ranking_or_pruned_key,60
S1-433073946,S2-991156345,India,name_token;shared_trigram,ranking_or_pruned_key,60
S1-266226745,S2-227193372,India,address_key,ranking_or_pruned_key,60
S1-572224385,S3-82466131,India,address_key;shared_trigram,ranking_or_pruned_key,60
S1-375042473,S2-993260390,India,,no_shared_key,60
S1-108162612,S2-945742158,India,name_token;name_prefix4;address_key;acronym;shared_trigram,ranking_or_pruned_key,60
S1-108162612,S3-807796348,India,name_token;name_prefix4;acronym;shared_trigram,ranking_or_pruned_key,60
S1-108162612,S2-624037352,India,,no_shared_key,60
S1-385635252,S3-457994888,India,exact_name;name_token;name_prefix4;address_key;acronym;shared_trigram,ranking_or_pruned_key,60
S1-529038212,S3-334565957,India,name_token;name_prefix4;address_key;acronym;shared_trigram,ranking_or_pruned_key,60
S1-76262359,S3-551261532,India,name_token;name_prefix4;acronym;shared_trigram,ranking_or_pruned_key,60
S1-76262359,S2-160462192,India,,no_shared_key,60
S1-604829838,S2-205289034,India,name_token;shared_trigram,ranking_or_pruned_key,60
S1-604829838,S3-936873229,India,name_token;shared_trigram,ranking_or_pruned_key,60
S1-604829838,S3-208603268,India,name_token;name_prefix4;acronym;shared_trigram,ranking_or_pruned_key,60
S1-235079567,S2-130505003,India,address_key,ranking_or_pruned_key,60
S1-235079567,S3-639412173,India,address_key,ranking_or_pruned_key,60
S1-235079567,S3-200036773,India,address_key,ranking_or_pruned_key,60
S1-235079567,S2-198767685,India,name_token;name_prefix4;address_key;acronym;shared_trigram,ranking_or_pruned_key,60
S1-400839873,S3-152919743,India,address_key,ranking_or_pruned_key,60
S1-400839873,S2-747743415,India,,no_shared_key,60
S1-400839873,S3-736006561,India,name_token;name_prefix4;address_key;shared_trigram,ranking_or_pruned_key,60
S1-429602506,S3-652693815,India,address_key;shared_trigram,ranking_or_pruned_key,60
S1-429602506,S3-876860452,India,name_token;name_prefix4;shared_trigram,ranking_or_pruned_key,60
S1-429602506,S2-227833834,India,address_key,ranking_or_pruned_key,60
S1-750273577,S3-910899650,India,name_token;name_prefix4;address_key;acronym;shared_trigram,ranking_or_pruned_key,60
S1-750273577,S3-519692391,India,name_token;name_prefix4;acronym;shared_trigram,ranking_or_pruned_key,60
S1-762562687,S2-163556131,India,address_key,ranking_or_pruned_key,60
S1-71081148,S2-129600348,India,name_token;name_prefix4;acronym;shared_trigram,ranking_or_pruned_key,60
S1-129094772,S2-298638394,India,address_key;shared_trigram,ranking_or_pruned_key,60
S1-129094772,S3-121760270,India,name_token;acronym;shared_trigram,ranking_or_pruned_key,60
S1-680428738,S2-353032569,India,name_token;name_prefix4;acronym;shared_trigram,ranking_or_pruned_key,60
S1-502983771,S3-819346258,India,name_token;name_prefix4;address_key;acronym;shared_trigram,ranking_or_pruned_key,60
S1-953837047,S3-291629575,India,name_token;name_prefix4;address_key;shared_trigram,ranking_or_pruned_key,60
S1-386418007,S2-959148847,India,,no_shared_key,60
S1-386418007,S3-499757301,India,,no_shared_key,60
S1-386418007,S2-653526143,India,,no_shared_key,60
S1-843025219,S3-922566760,India,address_key,ranking_or_pruned_key,60
S1-335909539,S2-675387552,India,address_key,ranking_or_pruned_key,60
S1-335909539,S3-5453551,India,address_key,ranking_or_pruned_key,60
S1-335909539,S3-616342839,India,name_token;name_prefix4;address_key;shared_trigram,ranking_or_pruned_key,60
S1-585207560,S3-174976259,India,name_token;name_prefix4;acronym;shared_trigram,ranking_or_pruned_key,60
S1-125720148,S2-975285928,India,name_token;name_prefix4;address_key;shared_trigram,ranking_or_pruned_key,60
S1-706832286,S3-842866433,India,name_token;name_prefix4;address_key;acronym;shared_trigram,ranking_or_pruned_key,60
S1-706832286,S3-820813749,India,name_token;name_prefix4;acronym;shared_trigram,ranking_or_pruned_key,60
S1-706832286,S3-611352715,India,name_token;name_prefix4;acronym;shared_trigram,ranking_or_pruned_key,60
S1-703606280,S3-561756681,India,name_token;name_prefix4;shared_trigram,ranking_or_pruned_key,60
S1-703606280,S3-35002210,India,address_key;shared_trigram,ranking_or_pruned_key,60
S1-703606280,S3-78395862,India,name_token;name_prefix4;address_key;acronym;shared_trigram,ranking_or_pruned_key,60
S1-865831584,S3-597425992,India,address_key;shared_trigram,ranking_or_pruned_key,60
S1-835822746,S3-987343716,India,name_token;name_prefix4;address_key;acronym;shared_trigram,ranking_or_pruned_key,60
S1-267287411,S3-312942548,India,name_token;address_key;shared_trigram,ranking_or_pruned_key,60
S1-267287411,S2-610833017,India,,no_shared_key,60
S1-267287411,S2-222860074,India,name_token;name_prefix4;shared_trigram,ranking_or_pruned_key,60
S1-820181368,S2-475559276,India,name_token;name_prefix4;shared_trigram,ranking_or_pruned_key,60
S1-820181368,S2-948174283,India,name_token;name_prefix4;acronym;shared_trigram,ranking_or_pruned_key,60
S1-281229928,S3-778897180,India,name_token;name_prefix4;acronym;shared_trigram,ranking_or_pruned_key,60
S1-281229928,S3-140116879,India,name_token;name_prefix4;shared_trigram,ranking_or_pruned_key,60
S1-281229928,S3-410701161,India,name_token;name_prefix4;shared_trigram,ranking_or_pruned_key,60
S1-281229928,S2-253630305,India,name_token;name_prefix4;acronym;shared_trigram,ranking_or_pruned_key,60
S1-435763098,S2-994565283,India,name_token;name_prefix4;shared_trigram,ranking_or_pruned_key,60
S1-79046792,S3-195522799,India,name_token;address_key;shared_trigram,ranking_or_pruned_key,60
S1-79046792,S3-731655608,India,address_key,ranking_or_pruned_key,60
S1-467898668,S2-635958010,India,,no_shared_key,60
S1-148600587,S3-532998142,India,name_token;name_prefix4;address_key;shared_trigram,ranking_or_pruned_key,60
S1-148600587,S2-520048641,India,name_token;address_key;acronym;shared_trigram,ranking_or_pruned_key,60
S1-174182667,S3-745434014,India,name_token;shared_trigram,ranking_or_pruned_key,60
S1-592127626,S3-315817125,India,name_token;name_prefix4;address_key;acronym;shared_trigram,ranking_or_pruned_key,60
S1-592127626,S3-787165181,India,name_token;address_key;acronym;shared_trigram,ranking_or_pruned_key,60
S1-592127626,S3-853786744,India,name_token;address_key;acronym;shared_trigram,ranking_or_pruned_key,60
S1-557098242,S3-770859767,India,name_token;address_key;shared_trigram,ranking_or_pruned_key,60
S1-265015759,S3-648667104,India,name_token;address_key;acronym;shared_trigram,ranking_or_pruned_key,60
S1-526013712,S3-775856729,India,name_token;address_key;acronym;shared_trigram,ranking_or_pruned_key,60
S1-221862951,S2-69448250,India,address_key,ranking_or_pruned_key,60
S1-191864011,S3-756339461,India,address_key,ranking_or_pruned_key,60
S1-393028850,S3-295910982,India,address_key,ranking_or_pruned_key,60
S1-31437531,S2-624250943,India,name_token;name_prefix4;shared_trigram,ranking_or_pruned_key,60
S1-925332152,S3-540436765,India,name_token;address_key;shared_trigram,ranking_or_pruned_key,60
S1-282032366,S2-901184756,India,name_prefix4;address_key;shared_trigram,ranking_or_pruned_key,60
S1-282032366,S2-848359664,India,,no_shared_key,60
S1-330582701,S3-190031331,India,name_token;name_prefix4;acronym;shared_trigram,ranking_or_pruned_key,60
S1-744452861,S2-352293401,India,name_token;name_prefix4;address_key;acronym;shared_trigram,ranking_or_pruned_key,60
S1-204308905,S3-537034772,India,address_key,ranking_or_pruned_key,60
S1-204308905,S3-497995911,India,address_key,ranking_or_pruned_key,60
S1-132109781,S2-39478108,India,name_token;name_prefix4;address_key;shared_trigram,ranking_or_pruned_key,60
S1-621871924,S3-642207344,India,name_prefix4;address_key;shared_trigram,ranking_or_pruned_key,60
S1-621871924,S2-772897944,India,name_token;name_prefix4;acronym;shared_trigram,ranking_or_pruned_key,60
S1-621871924,S2-429327840,India,name_token;name_prefix4;acronym;shared_trigram,ranking_or_pruned_key,60
S1-616815489,S3-402762744,India,,no_shared_key,60
S1-616815489,S3-587321529,India,name_token;name_prefix4;shared_trigram,ranking_or_pruned_key,60
S1-616815489,S2-793494989,India,,no_shared_key,60
S1-442167563,S2-227050370,India,address_key,ranking_or_pruned_key,60
S1-141731846,S3-711563431,India,name_token;name_prefix4;acronym;shared_trigram,ranking_or_pruned_key,60
S1-44188252,S2-165811502,India,name_token;address_key;shared_trigram,ranking_or_pruned_key,60
S1-591543003,S2-104645933,India,address_key;shared_trigram,ranking_or_pruned_key,60
S1-591543003,S3-878900130,India,name_token;name_prefix4;address_key;acronym;shared_trigram,ranking_or_pruned_key,60
S1-957323783,S2-246906753,India,address_key,ranking_or_pruned_key,60
S1-790259331,S2-27771072,India,name_token;name_prefix4;address_key;shared_trigram,ranking_or_pruned_key,60
S1-310089070,S2-541032596,India,name_prefix4;address_key;shared_trigram,ranking_or_pruned_key,60
S1-310089070,S2-281322098,India,name_token;name_prefix4;address_key;shared_trigram,ranking_or_pruned_key,60
S1-781298468,S3-273129485,India,name_token;shared_trigram,ranking_or_pruned_key,60
S1-831316953,S2-820694068,India,acronym;shared_trigram,ranking_or_pruned_key,60
S1-831316953,S3-764395318,India,name_token;name_prefix4;address_key;shared_trigram,ranking_or_pruned_key,60
S1-519411115,S3-645996804,India,name_token;address_key;acronym;shared_trigram,ranking_or_pruned_key,60
S1-897827228,S3-694313220,India,name_token;name_prefix4;acronym;shared_trigram,ranking_or_pruned_key,60
S1-897827228,S2-294305976,India,address_key,ranking_or_pruned_key,60
S1-253997314,S3-876393610,India,name_token;address_key;shared_trigram,ranking_or_pruned_key,60
S1-446973908,S3-950301930,India,name_prefix4;address_key;shared_trigram,ranking_or_pruned_key,60
S1-635019194,S3-188160432,India,name_token;name_prefix4;acronym;shared_trigram,ranking_or_pruned_key,60
S1-327991635,S2-60636897,India,name_token;address_key;shared_trigram,ranking_or_pruned_key,60
S1-327991635,S2-771113598,India,name_prefix4;address_key;shared_trigram,ranking_or_pruned_key,60
S1-327991635,S2-61141878,India,name_token;address_key;shared_trigram,ranking_or_pruned_key,60
S1-327991635,S3-797106957,India,name_token;shared_trigram,ranking_or_pruned_key,60
S1-145189554,S3-193837218,India,name_token;name_prefix4;acronym;shared_trigram,ranking_or_pruned_key,60
S1-640331579,S2-185030661,India,name_token;name_prefix4;acronym;shared_trigram,ranking_or_pruned_key,60
S1-50230397,S3-806068071,India,name_token;name_prefix4;acronym;shared_trigram,ranking_or_pruned_key,60
S1-50230397,S3-28401804,India,name_token;name_prefix4;address_key;shared_trigram,ranking_or_pruned_key,60
S1-725596242,S2-93351851,India,name_token;name_prefix4;shared_trigram,ranking_or_pruned_key,60
S1-865422624,S3-771096820,India,name_token;address_key;shared_trigram,ranking_or_pruned_key,60
S1-844227847,S2-509347145,India,address_key,ranking_or_pruned_key,60
S1-453636061,S3-172459218,India,name_prefix4;shared_trigram,ranking_or_pruned_key,60
S1-453636061,S3-554096496,India,name_token;acronym;shared_trigram,ranking_or_pruned_key,60
S1-453636061,S3-134813389,India,name_token;name_prefix4;shared_trigram,ranking_or_pruned_key,60
S1-453636061,S2-775137023,India,name_token;shared_trigram,ranking_or_pruned_key,60
S1-435735315,S3-139137375,India,name_token;name_prefix4;acronym;shared_trigram,ranking_or_pruned_key,60
S1-241134195,S3-161962346,India,,no_shared_key,60
S1-241134195,S2-712686546,India,,no_shared_key,60
S1-241134195,S3-588487623,India,name_token;name_prefix4;acronym;shared_trigram,ranking_or_pruned_key,60
S1-241134195,S2-903929430,India,,no_shared_key,60
S1-802434168,S3-913927843,India,name_token;name_prefix4;address_key;shared_trigram,ranking_or_pruned_key,60
S1-802434168,S2-741489418,India,name_token;name_prefix4;acronym;shared_trigram,ranking_or_pruned_key,60
S1-809211623,S3-504583122,India,name_token;address_key;shared_trigram,ranking_or_pruned_key,60
S1-809211623,S3-948644547,India,name_token;address_key;shared_trigram,ranking_or_pruned_key,60
S1-106141848,S3-89631888,India,name_token;name_prefix4;address_key;shared_trigram,ranking_or_pruned_key,60
S1-989921551,S3-210619748,India,name_token;name_prefix4;address_key;acronym;shared_trigram,ranking_or_pruned_key,60
S1-482671035,S2-594096935,India,name_token;shared_trigram,ranking_or_pruned_key,60
S1-482671035,S3-96784232,India,name_token;address_key;shared_trigram,ranking_or_pruned_key,60
S1-482671035,S3-510676368,India,name_token;address_key;shared_trigram,ranking_or_pruned_key,60
S1-590209803,S3-357810160,India,name_token;name_prefix4;acronym;shared_trigram,ranking_or_pruned_key,60
S1-136055796,S3-537962378,India,name_token;name_prefix4;acronym;shared_trigram,ranking_or_pruned_key,60
S1-206798381,S3-584799453,India,name_token;name_prefix4;acronym;shared_trigram,ranking_or_pruned_key,60
S1-433178108,S3-811404672,India,name_prefix4;shared_trigram,ranking_or_pruned_key,60
S1-433178108,S3-355881173,India,name_token;acronym;shared_trigram,ranking_or_pruned_key,60
S1-433178108,S3-935805987,India,name_token;shared_trigram,ranking_or_pruned_key,60
S1-433178108,S3-157685723,India,name_token;name_prefix4;acronym;shared_trigram,ranking_or_pruned_key,60
S1-433178108,S2-4232310,India,address_key,ranking_or_pruned_key,60
S1-11235009,S2-986678461,India,address_key,ranking_or_pruned_key,60
S1-11235009,S3-59362082,India,address_key,ranking_or_pruned_key,60
S1-381541173,S3-379585963,India,name_token;acronym;shared_trigram,ranking_or_pruned_key,60
S1-858642400,S3-655804155,India,name_token;name_prefix4;address_key;acronym;shared_trigram,ranking_or_pruned_key,60
S1-578766750,S2-604256938,India,name_token;name_prefix4;address_key;acronym;shared_trigram,ranking_or_pruned_key,60
S1-859703550,S2-776873197,India,address_key,ranking_or_pruned_key,60
S1-859703550,S3-431653241,India,,no_shared_key,60
S1-897027815,S3-315908018,India,name_token;name_prefix4;address_key;acronym;shared_trigram,ranking_or_pruned_key,60
S1-604507729,S3-705904760,India,name_token;name_prefix4;acronym;shared_trigram,ranking_or_pruned_key,60
S1-604507729,S3-253677419,India,name_token;shared_trigram,ranking_or_pruned_key,60
S1-816204159,S3-555762380,India,name_token;name_prefix4;shared_trigram,ranking_or_pruned_key,60
S1-816204159,S3-376899270,India,name_token;address_key;shared_trigram,ranking_or_pruned_key,60
S1-976085429,S2-733161583,India,,no_shared_key,60
S1-976085429,S2-470129848,India,name_token;address_key;shared_trigram,ranking_or_pruned_key,60
S1-976085429,S2-593906020,India,name_token;address_key;shared_trigram,ranking_or_pruned_key,60
S1-267568936,S2-45656332,India,address_key;shared_trigram,ranking_or_pruned_key,60
S1-267568936,S2-222812594,India,name_token;address_key;shared_trigram,ranking_or_pruned_key,60
S1-267568936,S3-785568354,India,name_token;address_key;shared_trigram,ranking_or_pruned_key,60
S1-267568936,S2-959622413,India,name_token;address_key;shared_trigram,ranking_or_pruned_key,60
S1-267568936,S3-688964195,India,name_token;name_prefix4;address_key;acronym;shared_trigram,ranking_or_pruned_key,60
S1-847506666,S3-174214395,India,name_token;name_prefix4;address_key;acronym;shared_trigram,ranking_or_pruned_key,60
S1-847506666,S2-284472225,India,name_token;name_prefix4;address_key;acronym;shared_trigram,ranking_or_pruned_key,60
S1-537441152,S3-355244217,India,name_token;name_prefix4;shared_trigram,ranking_or_pruned_key,60
S1-371064232,S3-631890139,India,address_key,ranking_or_pruned_key,60
S1-97362927,S2-804903837,India,,no_shared_key,60
S1-628102111,S2-856453286,India,name_token;shared_trigram,ranking_or_pruned_key,60
S1-628102111,S3-727749249,India,name_token;name_prefix4;acronym;shared_trigram,ranking_or_pruned_key,60
S1-999839887,S3-183156540,India,name_token;name_prefix4;address_key;shared_trigram,ranking_or_pruned_key,60
S1-999839887,S3-128650939,India,name_token;address_key;shared_trigram,ranking_or_pruned_key,60
S1-828518145,S2-454759764,India,address_key,ranking_or_pruned_key,60
S1-828518145,S3-319127620,India,address_key,ranking_or_pruned_key,60
S1-680735403,S3-513201096,India,name_prefix4;address_key;shared_trigram,ranking_or_pruned_key,60
S1-680735403,S3-47333657,India,name_token;name_prefix4;shared_trigram,ranking_or_pruned_key,60
S1-19647473,S2-881576705,India,,no_shared_key,60
S1-19647473,S3-710788503,India,name_token;shared_trigram,ranking_or_pruned_key,60
S1-19647473,S2-688598402,India,name_token;name_prefix4;acronym;shared_trigram,ranking_or_pruned_key,60
S1-19647473,S3-729475678,India,name_token;shared_trigram,ranking_or_pruned_key,60
S1-19647473,S2-320652291,India,name_token;name_prefix4;acronym;shared_trigram,ranking_or_pruned_key,60
S1-19647473,S3-250616173,India,name_token;name_prefix4;shared_trigram,ranking_or_pruned_key,60
S1-691820964,S3-357649512,India,name_token;name_prefix4;shared_trigram,ranking_or_pruned_key,60
S1-875142064,S3-319500435,India,name_token;name_prefix4;acronym;shared_trigram,ranking_or_pruned_key,60
S1-875142064,S3-854378353,India,name_token;shared_trigram,ranking_or_pruned_key,60
S1-282259583,S3-957846147,India,name_token;name_prefix4;acronym;shared_trigram,ranking_or_pruned_key,60
S1-402048982,S2-290212529,India,address_key,ranking_or_pruned_key,60
S1-217404000,S3-424236191,India,name_token;name_prefix4;shared_trigram,ranking_or_pruned_key,60
S1-430259435,S2-728587970,India,name_token;shared_trigram,ranking_or_pruned_key,60
S1-19313016,S3-488612114,India,name_token;shared_trigram,ranking_or_pruned_key,60
S1-923346255,S2-998036700,India,name_token;name_prefix4;shared_trigram,ranking_or_pruned_key,60
S1-923346255,S2-110457396,India,name_prefix4;address_key;shared_trigram,ranking_or_pruned_key,60
S1-97920828,S2-518551073,India,name_token;address_key;shared_trigram,ranking_or_pruned_key,60
S1-732591679,S2-393854080,India,name_token;name_prefix4;address_key;acronym;shared_trigram,ranking_or_pruned_key,60
S1-732591679,S3-288832220,India,address_key;shared_trigram,ranking_or_pruned_key,60
S1-65071829,S3-8785652,India,,no_shared_key,60
S1-745373602,S2-511818943,India,name_token;name_prefix4;acronym;shared_trigram,ranking_or_pruned_key,60
S1-957910816,S2-307316321,India,address_key,ranking_or_pruned_key,60
S1-306313187,S2-279879442,India,name_token;shared_trigram,ranking_or_pruned_key,60
S1-488307442,S3-859159573,India,name_token;name_prefix4;address_key;shared_trigram,ranking_or_pruned_key,60
S1-488307442,S3-239361522,India,name_token;address_key;shared_trigram,ranking_or_pruned_key,60
S1-488307442,S2-23470282,India,address_key,ranking_or_pruned_key,60
S1-488307442,S3-91655716,India,name_token;name_prefix4;address_key;shared_trigram,ranking_or_pruned_key,60
S1-107235816,S2-386732882,India,address_key,ranking_or_pruned_key,60
S1-107235816,S2-350590819,India,address_key,ranking_or_pruned_key,60
S1-620185275,S3-19749340,India,name_token;name_prefix4;address_key;acronym;shared_trigram,ranking_or_pruned_key,60
S1-620185275,S2-117631943,India,name_token;address_key;acronym;shared_trigram,ranking_or_pruned_key,60
S1-620185275,S3-147687144,India,name_token;address_key;acronym;shared_trigram,ranking_or_pruned_key,60
S1-776886842,S3-979462189,India,name_token;address_key;shared_trigram,ranking_or_pruned_key,60
S1-776886842,S2-448364788,India,name_token;name_prefix4;address_key;shared_trigram,ranking_or_pruned_key,60
S1-776886842,S2-103902659,India,name_token;name_prefix4;address_key;acronym;shared_trigram,ranking_or_pruned_key,60
S1-811313742,S2-887826983,India,name_token;name_prefix4;address_key;shared_trigram,ranking_or_pruned_key,60
S1-783283973,S3-740286032,India,name_token;name_prefix4;acronym;shared_trigram,ranking_or_pruned_key,60
S1-449238849,S3-209018083,India,name_token;name_prefix4;acronym;shared_trigram,ranking_or_pruned_key,60
S1-492738335,S3-148557788,India,name_token;name_prefix4;address_key;shared_trigram,ranking_or_pruned_key,60
S1-492738335,S2-219943257,India,address_key,ranking_or_pruned_key,60
S1-492738335,S3-234358482,India,name_token;name_prefix4;address_key;shared_trigram,ranking_or_pruned_key,60
S1-619368063,S2-318830257,India,address_key,ranking_or_pruned_key,60
S1-807761669,S2-47488132,India,name_token;address_key;shared_trigram,ranking_or_pruned_key,60
S1-443558977,S2-187571523,India,name_token;name_prefix4;acronym;shared_trigram,ranking_or_pruned_key,60
S1-164576303,S2-430494972,India,name_token;shared_trigram,ranking_or_pruned_key,60
S1-164576303,S3-587347621,India,name_token;address_key;acronym;shared_trigram,ranking_or_pruned_key,60
S1-164576303,S3-410490886,India,name_token;address_key;shared_trigram,ranking_or_pruned_key,60
S1-594997183,S2-267845646,India,address_key,ranking_or_pruned_key,60
S1-594997183,S3-952564259,India,address_key,ranking_or_pruned_key,60
S1-67574992,S3-553377364,India,,no_shared_key,60
S1-653150028,S2-904835290,India,name_token;name_prefix4;address_key;shared_trigram,ranking_or_pruned_key,60
S1-241871130,S2-598247570,India,address_key,ranking_or_pruned_key,60
S1-869955719,S2-105926690,India,name_token;acronym;shared_trigram,ranking_or_pruned_key,60
S1-331859452,S2-283620705,India,address_key,ranking_or_pruned_key,60
S1-787477844,S3-267434268,India,name_token;name_prefix4;shared_trigram,ranking_or_pruned_key,60
S1-276355932,S2-898445328,India,address_key,ranking_or_pruned_key,60
S1-946379682,S3-403954437,India,name_token;name_prefix4;address_key;shared_trigram,ranking_or_pruned_key,60
S1-18002955,S3-371286646,India,address_key,ranking_or_pruned_key,60
S1-18002955,S3-879184180,India,address_key,ranking_or_pruned_key,60
S1-453894386,S2-673342956,India,address_key,ranking_or_pruned_key,60
S1-618510472,S3-513032930,India,,no_shared_key,60
S1-618510472,S2-634904444,India,,no_shared_key,60
S1-618510472,S2-745117197,India,,no_shared_key,60
S1-618510472,S3-906700767,India,name_token;name_prefix4;acronym;shared_trigram,ranking_or_pruned_key,60
S1-618510472,S2-982052651,India,name_token;name_prefix4;shared_trigram,ranking_or_pruned_key,60
S1-427620020,S3-507602681,India,name_prefix4;address_key;shared_trigram,ranking_or_pruned_key,60
S1-20040517,S3-22520162,India,name_token;shared_trigram,ranking_or_pruned_key,60
S1-20040517,S2-23318320,India,name_token;acronym;shared_trigram,ranking_or_pruned_key,60
S1-358565971,S3-465077047,India,name_token;name_prefix4;shared_trigram,ranking_or_pruned_key,60
S1-615077986,S3-234327383,India,name_token;name_prefix4;address_key;acronym;shared_trigram,ranking_or_pruned_key,60
S1-615077986,S2-506203776,India,address_key,ranking_or_pruned_key,60
S1-615077986,S2-58152264,India,name_token;address_key;shared_trigram,ranking_or_pruned_key,60
S1-292813465,S3-165405655,India,address_key,ranking_or_pruned_key,60
S1-292813465,S3-353376941,India,name_token;shared_trigram,ranking_or_pruned_key,60
S1-541937092,S3-816077138,India,name_token;name_prefix4;acronym;shared_trigram,ranking_or_pruned_key,60
S1-541937092,S2-651092956,India,,no_shared_key,60
S1-541937092,S2-993009701,India,,no_shared_key,60
S1-689038019,S2-815633883,India,address_key,ranking_or_pruned_key,60
S1-815172129,S3-53280664,India,address_key;shared_trigram,ranking_or_pruned_key,60
S1-815172129,S3-788782886,India,address_key;shared_trigram,ranking_or_pruned_key,60
S1-668526761,S2-51623269,India,address_key,ranking_or_pruned_key,60
S1-735801922,S3-122535111,India,name_token;address_key;shared_trigram,ranking_or_pruned_key,60
S1-735801922,S2-131506876,India,name_token;shared_trigram,ranking_or_pruned_key,60
S1-735801922,S3-742922742,India,name_token;name_prefix4;address_key;shared_trigram,ranking_or_pruned_key,60
S1-35294377,S3-425049287,India,address_key,ranking_or_pruned_key,60
S1-35294377,S3-591157890,India,name_token;shared_trigram,ranking_or_pruned_key,60
S1-35294377,S3-966505195,India,,no_shared_key,60
S1-35294377,S3-663184191,India,address_key;shared_trigram,ranking_or_pruned_key,60
S1-35294377,S2-262395391,India,address_key,ranking_or_pruned_key,60
S1-776157291,S2-141067098,India,name_token;name_prefix4;shared_trigram,ranking_or_pruned_key,60
S1-776157291,S2-715794009,India,name_prefix4;shared_trigram,ranking_or_pruned_key,60
S1-356803493,S3-113675774,India,name_token;name_prefix4;shared_trigram,ranking_or_pruned_key,60
S1-176398191,S3-783427522,India,name_token;name_prefix4;address_key;shared_trigram,ranking_or_pruned_key,60
S1-176398191,S3-482566836,India,name_token;name_prefix4;address_key;shared_trigram,ranking_or_pruned_key,60
S1-176398191,S3-761081277,India,name_prefix4;address_key;shared_trigram,ranking_or_pruned_key,60
S1-176398191,S2-422291404,India,name_token;name_prefix4;address_key;shared_trigram,ranking_or_pruned_key,60
S1-436393901,S2-337265550,India,,no_shared_key,60
S1-729021972,S2-868518734,India,address_key,ranking_or_pruned_key,60
S1-729021972,S3-983399312,India,name_token;name_prefix4;address_key;shared_trigram,ranking_or_pruned_key,60
S1-729021972,S2-272217747,India,address_key,ranking_or_pruned_key,60
S1-729021972,S2-298569708,India,address_key;shared_trigram,ranking_or_pruned_key,60
S1-673088985,S3-125506772,India,name_token;name_prefix4;acronym;shared_trigram,ranking_or_pruned_key,60
S1-714663775,S3-863039973,India,name_token;name_prefix4;acronym;shared_trigram,ranking_or_pruned_key,60
S1-235246799,S2-827162597,India,address_key,ranking_or_pruned_key,60
S1-235246799,S2-915479217,India,name_token;address_key;acronym;shared_trigram,ranking_or_pruned_key,60
S1-943806757,S2-430061814,India,name_prefix4;shared_trigram,ranking_or_pruned_key,60
S1-973614132,S3-604976456,India,name_token;name_prefix4;address_key;shared_trigram,ranking_or_pruned_key,60
S1-187291671,S2-497247829,India,name_token;address_key;shared_trigram,ranking_or_pruned_key,60
S1-187291671,S2-772551809,India,address_key,ranking_or_pruned_key,60
S1-20848166,S2-202292125,India,name_token;address_key;shared_trigram,ranking_or_pruned_key,60
S1-20848166,S3-767775674,India,name_prefix4;address_key;shared_trigram,ranking_or_pruned_key,60
S1-779388845,S3-399978488,India,name_token;name_prefix4;acronym;shared_trigram,ranking_or_pruned_key,60
S1-779388845,S3-360792973,India,address_key;shared_trigram,ranking_or_pruned_key,60
S1-522261920,S3-242152841,India,name_token;name_prefix4;shared_trigram,ranking_or_pruned_key,60
S1-357557047,S3-235429748,India,name_token;address_key;shared_trigram,ranking_or_pruned_key,60
S1-659112899,S3-194168328,India,name_token;name_prefix4;address_key;shared_trigram,ranking_or_pruned_key,60
S1-143233129,S2-653159324,India,name_token;name_prefix4;address_key;acronym;shared_trigram,ranking_or_pruned_key,60
S1-143233129,S3-171252798,India,name_token;address_key;acronym;shared_trigram,ranking_or_pruned_key,60
S1-51091241,S3-864504356,India,shared_trigram,ngram_only,60
S1-51091241,S3-230306214,India,name_token;name_prefix4;acronym;shared_trigram,ranking_or_pruned_key,60
S1-51091241,S3-999342507,India,name_token;name_prefix4;shared_trigram,ranking_or_pruned_key,60
S1-51091241,S3-81931983,India,,no_shared_key,60
S1-944057704,S2-864133078,India,address_key,ranking_or_pruned_key,60
S1-944057704,S3-842069921,India,name_token;address_key;shared_trigram,ranking_or_pruned_key,60
S1-439789659,S3-362734026,India,address_key,ranking_or_pruned_key,60
S1-439789659,S2-253593736,India,address_key,ranking_or_pruned_key,60
S1-980589283,S3-768509377,India,name_token;name_prefix4;acronym;shared_trigram,ranking_or_pruned_key,60
S1-980589283,S3-851373373,India,address_key,ranking_or_pruned_key,60
S1-901052014,S2-524402703,India,address_key,ranking_or_pruned_key,60
S1-528666442,S2-987404123,India,address_key,ranking_or_pruned_key,60
S1-919427042,S3-217684097,India,name_token;acronym;shared_trigram,ranking_or_pruned_key,60
S1-183232332,S2-749472450,India,address_key,ranking_or_pruned_key,60
S1-997711755,S2-941053431,India,address_key,ranking_or_pruned_key,60
S1-997711755,S3-199068550,India,name_token;shared_trigram,ranking_or_pruned_key,60
S1-997711755,S3-832005349,India,address_key,ranking_or_pruned_key,60
S1-178356917,S2-971793570,India,address_key,ranking_or_pruned_key,60
S1-149062457,S2-465504258,India,address_key,ranking_or_pruned_key,60
S1-149062457,S3-631315681,India,name_token;name_prefix4;acronym;shared_trigram,ranking_or_pruned_key,60
S1-149062457,S3-321556268,India,,no_shared_key,60
S1-812385694,S2-540547911,India,name_token;acronym;shared_trigram,ranking_or_pruned_key,60
S1-322186798,S3-241288339,India,address_key,ranking_or_pruned_key,60
S1-322186798,S2-333450742,India,address_key,ranking_or_pruned_key,60
S1-973411601,S2-456526181,India,address_key,ranking_or_pruned_key,60
S1-568611394,S2-94180143,India,address_key;acronym;shared_trigram,ranking_or_pruned_key,60
S1-568611394,S3-367011169,India,address_key;acronym;shared_trigram,ranking_or_pruned_key,60
S1-560268331,S3-304384625,India,name_token;name_prefix4;acronym;shared_trigram,ranking_or_pruned_key,60
S1-560268331,S3-689993465,India,name_token;name_prefix4;address_key;shared_trigram,ranking_or_pruned_key,60
S1-738551543,S2-26521969,India,address_key,ranking_or_pruned_key,60
S1-738551543,S2-574516077,India,address_key,ranking_or_pruned_key,60
S1-295468104,S2-430602015,India,,no_shared_key,60
S1-511505447,S3-609443617,India,,no_shared_key,60
S1-835996373,S2-611661408,India,name_token;name_prefix4;acronym;shared_trigram,ranking_or_pruned_key,60
S1-425815199,S2-875798643,India,,no_shared_key,60
S1-425815199,S2-393733426,India,,no_shared_key,60
S1-107826171,S3-240924313,India,name_token;address_key;acronym;shared_trigram,ranking_or_pruned_key,60
S1-910147081,S2-63125455,India,name_token;address_key;shared_trigram,ranking_or_pruned_key,60
S1-855913740,S2-229399520,India,,no_shared_key,60
S1-855913740,S3-311177363,India,address_key;shared_trigram,ranking_or_pruned_key,60
S1-553816424,S2-691766348,India,address_key,ranking_or_pruned_key,60
S1-204440144,S2-103612838,India,name_prefix4;shared_trigram,ranking_or_pruned_key,60
S1-204440144,S3-577632995,India,name_token;name_prefix4;shared_trigram,ranking_or_pruned_key,60
S1-431038676,S3-539377132,India,name_token;name_prefix4;address_key;token_postal;shared_trigram,ranking_or_pruned_key,60
S1-569292409,S3-550114528,India,address_key,ranking_or_pruned_key,60
S1-71769289,S2-654714978,India,name_token;name_prefix4;address_key;acronym;shared_trigram,ranking_or_pruned_key,60
S1-770973091,S2-718461382,India,,no_shared_key,60
S1-770973091,S3-522580927,India,address_key;shared_trigram,ranking_or_pruned_key,60
S1-30631832,S3-378130824,India,name_token;name_prefix4;address_key;shared_trigram,ranking_or_pruned_key,60
S1-30631832,S3-900586572,India,name_token;address_key;acronym;shared_trigram,ranking_or_pruned_key,60
S1-30631832,S3-849678270,India,name_token;name_prefix4;address_key;shared_trigram,ranking_or_pruned_key,60
S1-424960019,S3-333576447,India,name_token;name_prefix4;acronym;shared_trigram,ranking_or_pruned_key,60
S1-424960019,S3-236678057,India,name_token;name_prefix4;acronym;shared_trigram,ranking_or_pruned_key,60
S1-424960019,S3-358231053,India,name_token;name_prefix4;shared_trigram,ranking_or_pruned_key,60
S1-922063433,S2-550156397,India,address_key,ranking_or_pruned_key,60
S1-332807037,S3-254889129,India,name_token;address_key;shared_trigram,ranking_or_pruned_key,60
S1-735904457,S3-580416514,India,address_key,ranking_or_pruned_key,60
S1-735904457,S2-440519833,India,address_key,ranking_or_pruned_key,60
S1-924657421,S2-285629237,India,address_key,ranking_or_pruned_key,60
S1-924657421,S3-360220446,India,name_token;name_prefix4;acronym;shared_trigram,ranking_or_pruned_key,60
S1-924657421,S3-764508841,India,,no_shared_key,60
S1-295606882,S3-794689499,India,name_token;name_prefix4;shared_trigram,ranking_or_pruned_key,60
S1-899950863,S3-729847487,India,name_token;name_prefix4;acronym;shared_trigram,ranking_or_pruned_key,60
S1-899950863,S3-774319817,India,name_token;acronym;shared_trigram,ranking_or_pruned_key,60
S1-934124745,S2-699077563,India,address_key,ranking_or_pruned_key,60
S1-37519262,S2-635276481,India,address_key,ranking_or_pruned_key,60
S1-86499337,S3-110582135,India,name_prefix4;address_key;shared_trigram,ranking_or_pruned_key,60
S1-765859242,S3-753085460,India,address_key,ranking_or_pruned_key,60
S1-130096835,S3-286560383,India,name_token;name_prefix4;acronym;shared_trigram,ranking_or_pruned_key,60
S1-658583180,S2-100784303,India,,no_shared_key,60
S1-809112276,S3-137354887,India,address_key,ranking_or_pruned_key,60
S1-809112276,S2-323469555,India,name_token;name_prefix4;acronym;shared_trigram,ranking_or_pruned_key,60
S1-809112276,S3-685185626,India,name_token;name_prefix4;acronym;shared_trigram,ranking_or_pruned_key,60
S1-929049096,S3-695441645,India,address_key,ranking_or_pruned_key,60
S1-267880975,S3-264438122,India,address_key,ranking_or_pruned_key,60
S1-563952949,S3-320277391,India,name_token;name_prefix4;acronym;shared_trigram,ranking_or_pruned_key,60
S1-403359865,S3-704654209,India,name_token;name_prefix4;acronym;shared_trigram,ranking_or_pruned_key,60
S1-65198447,S3-382197909,India,name_token;address_key;shared_trigram,ranking_or_pruned_key,60
S1-160139236,S2-660378906,India,name_token;name_prefix4;address_key;shared_trigram,ranking_or_pruned_key,60
S1-160139236,S3-592221220,India,name_token;name_prefix4;address_key;shared_trigram,ranking_or_pruned_key,60
S1-69951732,S3-144468565,India,name_token;shared_trigram,ranking_or_pruned_key,60
S1-113906214,S3-411254321,India,address_key,ranking_or_pruned_key,60
S1-56230565,S3-506231751,India,,no_shared_key,60
S1-355093920,S2-400479861,India,address_key;shared_trigram,ranking_or_pruned_key,60
S1-355093920,S2-735548583,India,,no_shared_key,60
S1-355093920,S3-420531578,India,address_key,ranking_or_pruned_key,60
S1-355093920,S3-250644860,India,shared_trigram,ngram_only,60
S1-65706027,S3-77719670,India,address_key,ranking_or_pruned_key,60
S1-65706027,S2-766599358,India,address_key,ranking_or_pruned_key,60
S1-65706027,S3-128639773,India,name_token;name_prefix4;acronym;shared_trigram,ranking_or_pruned_key,60
S1-449252130,S3-408262806,India,address_key,ranking_or_pruned_key,60
S1-449252130,S2-337357153,India,,no_shared_key,60
S1-661267928,S2-489014790,India,,no_shared_key,60
S1-503356494,S3-468963477,India,,no_shared_key,60
S1-503356494,S2-271827457,India,name_token;shared_trigram,ranking_or_pruned_key,60
S1-508178286,S3-680844211,India,shared_trigram,ngram_only,60
S1-508178286,S3-340195037,India,address_key,ranking_or_pruned_key,60
S1-508178286,S2-322006099,India,address_key,ranking_or_pruned_key,60
S1-508178286,S2-976471184,India,name_token;address_key;shared_trigram,ranking_or_pruned_key,60
S1-526626781,S3-912492540,India,name_token;name_prefix4;acronym;shared_trigram,ranking_or_pruned_key,60
S1-633249857,S2-604088744,India,address_key,ranking_or_pruned_key,60
S1-283772736,S2-878493041,India,name_prefix4;address_key;shared_trigram,ranking_or_pruned_key,60
S1-538407637,S3-9828870,India,name_token;name_prefix4;address_key;acronym;shared_trigram,ranking_or_pruned_key,60
S1-538407637,S3-822575286,India,name_token;name_prefix4;address_key;acronym;shared_trigram,ranking_or_pruned_key,60
S1-946198732,S3-764836044,India,name_token;shared_trigram,ranking_or_pruned_key,60
S1-946198732,S3-255620323,India,,no_shared_key,60
S1-101970164,S2-161021165,India,name_token;name_prefix4;shared_trigram,ranking_or_pruned_key,60
S1-596856085,S2-628655884,India,address_key,ranking_or_pruned_key,60
S1-915750811,S2-280479268,India,address_key,ranking_or_pruned_key,60
S1-334159549,S2-731876690,India,name_token;name_prefix4;address_key;shared_trigram,ranking_or_pruned_key,60
S1-334159549,S2-825208710,India,name_token;name_prefix4;acronym;shared_trigram,ranking_or_pruned_key,60
S1-334159549,S2-853235388,India,name_token;name_prefix4;address_key;shared_trigram,ranking_or_pruned_key,60
S1-113727571,S2-488622396,India,,no_shared_key,60
S1-31391590,S2-991464856,India,name_token;shared_trigram,ranking_or_pruned_key,60
S1-780257333,S2-476287052,India,address_key,ranking_or_pruned_key,60
S1-365412614,S3-219757039,India,name_token;name_prefix4;acronym;shared_trigram,ranking_or_pruned_key,60
S1-771208660,S2-871459493,India,name_token;name_prefix4;acronym;shared_trigram,ranking_or_pruned_key,60
S1-771208660,S3-530084406,India,name_token;name_prefix4;shared_trigram,ranking_or_pruned_key,60
S1-368915449,S3-365448579,India,name_token;address_key;shared_trigram,ranking_or_pruned_key,60
S1-525689103,S3-508100787,India,name_token;name_prefix4;shared_trigram,ranking_or_pruned_key,60
S1-745012676,S3-626993601,India,name_prefix4;address_key;shared_trigram,ranking_or_pruned_key,60
S1-524101860,S3-290909845,India,name_token;name_prefix4;address_key;acronym;shared_trigram,ranking_or_pruned_key,60
S1-224501709,S2-211280011,India,address_key,ranking_or_pruned_key,60
S1-224501709,S3-107630551,India,name_token;name_prefix4;acronym;shared_trigram,ranking_or_pruned_key,60
S1-224501709,S3-591523247,India,exact_name;name_token;name_prefix4;address_key;acronym;token_postal;shared_trigram,ranking_or_pruned_key,60
S1-587471295,S3-806241533,India,,no_shared_key,60
S1-587471295,S2-29191237,India,address_key,ranking_or_pruned_key,60
S1-587471295,S3-901812909,India,name_token;address_key;shared_trigram,ranking_or_pruned_key,60
S1-895754444,S2-115747486,India,,no_shared_key,60
S1-895754444,S3-679740634,India,name_token;name_prefix4;acronym;shared_trigram,ranking_or_pruned_key,60
S1-313417738,S3-437566080,India,name_token;name_prefix4;acronym;shared_trigram,ranking_or_pruned_key,60
S1-641838909,S3-238751032,India,name_token;address_key;shared_trigram,ranking_or_pruned_key,60
