s1_id,country,gt_count,recovered_gt_count,missing_gt_count,missing_gt_ids,pair_recall,entity_full_recall,full_recall_flag,zero_recovery,gt_min_rank,gt_max_rank,candidate_count,channel_hit_vector,channel_agreement_mean,candidate_collision_density,native_script,transliteration_indicator,empty_address,single_token_name,generic_high_frequency_indicator,multi_match,outside_top_k,zero_overlap,name,address
S1-75134768,India,3,3,0,,1.0,1,1,0,2,22,150,"{""exact"":0,""addr"":3,""token"":0,""prefix"":0,""acronym"":0,""tokpost"":0,""addr_tok"":3,""ngram"":0,""tr_name"":0,""tr_tok"":0,""phon"":3,""phone"":0}",2.5733333333333333,75.0,0,0,0,0,1,1,,,Urban Tech,"Calcutta, 71 B R B Basu Rd, West Bengal, Kolkata"
S1-2106291,India,3,3,0,,1.0,1,1,0,1,3,150,"{""exact"":0,""addr"":3,""token"":0,""prefix"":0,""acronym"":0,""tokpost"":0,""addr_tok"":3,""ngram"":0,""tr_name"":0,""tr_tok"":0,""phon"":2,""phone"":0}",2.66,75.0,0,0,0,0,1,1,,,Jai Producer Private Limited,"Vishalaxmipur, Ashram More 24 Kakdweep Parganas South Wb, Kakdweep, Parganas South, West Bengal"
S1-951609532,India,1,1,0,,1.0,1,1,0,48,48,250,"{""exact"":0,""addr"":1,""token"":1,""prefix"":0,""acronym"":0,""tokpost"":0,""addr_tok"":1,""ngram"":0,""tr_name"":0,""tr_tok"":0,""phon"":1,""phone"":0}",2.032,125.0,0,0,0,0,1,0,,,Chemico Traders Private Limited,"Site # 677, 1St Floor, 27Th Main Road, 13Th Cross Road, Hsr Layout, Sector 1, Bengaluru, K, Arnataka, Bengaluru, Bangalore, Karnataka"
S1-599145787,India,4,4,0,,1.0,1,1,0,1,41,150,"{""exact"":2,""addr"":3,""token"":3,""prefix"":3,""acronym"":2,""tokpost"":0,""addr_tok"":0,""ngram"":0,""tr_name"":0,""tr_tok"":0,""phon"":3,""phone"":0}",1.1466666666666667,75.0,0,0,0,0,1,1,,,Samagra Electronics Private Limited,"11Th Main Road, Btm Layout, 1St Stage, Bangalore South, Bangalore, No 65, Karnataka"
S1-866587933,India,2,2,0,,1.0,1,1,0,1,242,250,"{""exact"":0,""addr"":1,""token"":1,""prefix"":0,""acronym"":0,""tokpost"":0,""addr_tok"":1,""ngram"":0,""tr_name"":0,""tr_tok"":0,""phon"":0,""phone"":0}",1.92,125.0,0,0,0,0,1,1,,,(E) Industries Clinic,"Shop No. 2, Baijnath Yadav Compound, Near Om Sai Honda Showroom, W.E. Highway, Jogeshwari, (E), Mumbai, Maharashtra"
S1-63099926,India,3,3,0,,1.0,1,1,0,1,17,150,"{""exact"":1,""addr"":3,""token"":3,""prefix"":3,""acronym"":1,""tokpost"":0,""addr_tok"":2,""ngram"":0,""tr_name"":0,""tr_tok"":0,""phon"":3,""phone"":0}",1.3066666666666666,75.0,0,0,0,0,1,1,,,Pragati Solutions Private Limited,"B-602, Umarji House, Teli Lane, Opposite Criticare Hospital, Mumbai, Maharashtra"
S1-40214460,India,3,3,0,,1.0,1,1,0,1,13,250,"{""exact"":0,""addr"":2,""token"":3,""prefix"":2,""acronym"":2,""tokpost"":0,""addr_tok"":1,""ngram"":0,""tr_name"":0,""tr_tok"":0,""phon"":3,""phone"":0}",1.22,125.0,0,0,0,0,1,1,,,Marina Varnishes Private Limited,"11Th Floor, 137/34, Hmg Ambassador, Residency Road, Bangalore North, Bangalore, Karnataka"
S1-252644636,India,4,4,0,,1.0,1,1,0,2,77,150,"{""exact"":2,""addr"":3,""token"":3,""prefix"":0,""acronym"":3,""tokpost"":0,""addr_tok"":3,""ngram"":0,""tr_name"":0,""tr_tok"":1,""phon"":1,""phone"":0}",2.0866666666666664,75.0,0,0,0,0,1,1,,,Gold Enterprises Limited,"Tilpata Karanwas, Greater Noida, Uttar Pradesh"
S1-162465054,India,5,5,0,,1.0,1,1,0,1,5,150,"{""exact"":1,""addr"":5,""token"":5,""prefix"":5,""acronym"":3,""tokpost"":0,""addr_tok"":5,""ngram"":0,""tr_name"":0,""tr_tok"":0,""phon"":4,""phone"":0}",2.1533333333333333,75.0,0,0,0,0,1,1,,,Sanidhya Legal Corporation,"Iswar Ganguly Street Vasudeva Building 1St Floor, Flat - 1A, Kolkata, Howrah, West Bengal, 1, Kolkata"
S1-903808834,India,3,3,0,,1.0,1,1,0,1,4,150,"{""exact"":1,""addr"":3,""token"":3,""prefix"":2,""acronym"":2,""tokpost"":0,""addr_tok"":2,""ngram"":3,""tr_name"":0,""tr_tok"":0,""phon"":3,""phone"":0}",1.7933333333333332,75.0,0,0,0,0,1,1,,,Excelsior Solutions Private Limited,"001-2, Sahajeevan Tower (Building No. 53) Sahajeevan Co-Op Hsg Scoiety Ltd, Tilak, Nagar, Mumbai, Mumbai City, Maharashtra"
S1-37071617,India,4,4,0,,1.0,1,1,0,1,5,150,"{""exact"":2,""addr"":4,""token"":4,""prefix"":3,""acronym"":2,""tokpost"":0,""addr_tok"":4,""ngram"":4,""tr_name"":0,""tr_tok"":0,""phon"":3,""phone"":0}",2.4266666666666667,50.0,0,0,0,0,1,1,,,Oakwood Marine (India) Limited,"Imperial Heights, B-408 4Th Floor, 150 Ring Road, Rajkot, Gujarat"
S1-24513059,India,4,4,0,,1.0,1,1,0,1,4,250,"{""exact"":0,""addr"":4,""token"":4,""prefix"":2,""acronym"":4,""tokpost"":0,""addr_tok"":4,""ngram"":0,""tr_name"":0,""tr_tok"":0,""phon"":4,""phone"":0}",1.632,125.0,0,0,0,0,1,1,,,Herambh Construction Limited,"H No. 3-330/1, Bhupalapally, Warangal, Warangal Urban, Telangana"
S1-142434511,India,4,4,0,,1.0,1,1,0,1,6,150,"{""exact"":0,""addr"":4,""token"":2,""prefix"":2,""acronym"":1,""tokpost"":0,""addr_tok"":3,""ngram"":0,""tr_name"":0,""tr_tok"":0,""phon"":3,""phone"":0}",2.3866666666666667,75.0,0,0,0,0,1,1,,,Bright Infotech Private Limited,"182 A, Vasudevpuri, Jhotwara, Jaipur, Rajasthan"
S1-996672552,India,2,2,0,,1.0,1,1,0,1,3,150,"{""exact"":0,""addr"":2,""token"":1,""prefix"":0,""acronym"":0,""tokpost"":0,""addr_tok"":1,""ngram"":0,""tr_name"":0,""tr_tok"":0,""phon"":1,""phone"":0}",2.3733333333333335,75.0,0,0,0,0,1,1,,,Blue Global LLP,"81 Southern Ave, Kolkata, Calcutta, West Bengal"
S1-921624599,India,3,3,0,,1.0,1,1,0,1,4,250,"{""exact"":0,""addr"":3,""token"":1,""prefix"":1,""acronym"":1,""tokpost"":0,""addr_tok"":1,""ngram"":0,""tr_name"":0,""tr_tok"":0,""phon"":2,""phone"":0}",1.352,83.33333333333333,0,0,0,0,1,1,,,Sree Golden Projects Private Limited,"Shop Ff C/13, Tirth Retreat, Kapurai Road, Vadodara, Gujarat"
S1-686724410,India,3,3,0,,1.0,1,1,0,1,3,150,"{""exact"":1,""addr"":3,""token"":2,""prefix"":2,""acronym"":2,""tokpost"":0,""addr_tok"":3,""ngram"":0,""tr_name"":0,""tr_tok"":0,""phon"":1,""phone"":0}",2.42,75.0,0,0,0,0,1,1,,,Green Finance Limited,"27/39, Karnataka, Bangalore, 2Nd Floor, Adinath Apartment Charles Campbell Road, Frazer Town"
S1-549729217,India,2,2,0,,1.0,1,1,0,2,3,150,"{""exact"":1,""addr"":2,""token"":2,""prefix"":1,""acronym"":2,""tokpost"":0,""addr_tok"":1,""ngram"":2,""tr_name"":0,""tr_tok"":0,""phon"":2,""phone"":0}",2.033333333333333,75.0,0,0,0,0,1,1,,,EO Marbles Pvt Ltd,"502, Versova Krishna Kunj Chs Ltd, 4 Bunglows, Good Shephered Church, Andheri, Mumbai, Mumbai City, Maharashtra"
S1-13638561,India,5,5,0,,1.0,1,1,0,1,7,150,"{""exact"":1,""addr"":5,""token"":4,""prefix"":4,""acronym"":0,""tokpost"":0,""addr_tok"":5,""ngram"":0,""tr_name"":0,""tr_tok"":0,""phon"":4,""phone"":0}",1.2866666666666666,75.0,0,0,0,0,1,1,,,Marvellous Consultancy,"H/O Sri Uday Kumar, Ganga Nagar Near Sharda Petrol Pump, Biharsharif, Nalanda, Bihar"
S1-756412192,India,4,4,0,,1.0,1,1,0,1,7,150,"{""exact"":0,""addr"":4,""token"":4,""prefix"":3,""acronym"":4,""tokpost"":1,""addr_tok"":1,""ngram"":0,""tr_name"":0,""tr_tok"":0,""phon"":0,""phone"":0}",2.78,50.0,0,0,0,0,1,1,,,Pune City Logistics LLP,"R-11, T-58, -1802, Amanora, Park Town, Sadesatra Nali, Pune City, Pune, Maharashtra"
S1-607399555,India,4,4,0,,1.0,1,1,0,1,4,150,"{""exact"":3,""addr"":4,""token"":4,""prefix"":4,""acronym"":0,""tokpost"":4,""addr_tok"":4,""ngram"":4,""tr_name"":0,""tr_tok"":0,""phon"":4,""phone"":0}",3.5733333333333333,75.0,0,0,0,0,1,1,,,Roopiya Services,"Gno 2712/A Dhondmal Tal Peth Dist Nashik Peth, Nashik, Maharashtra"
S1-370065226,India,4,4,0,,1.0,1,1,0,1,44,150,"{""exact"":1,""addr"":3,""token"":4,""prefix"":4,""acronym"":4,""tokpost"":0,""addr_tok"":3,""ngram"":0,""tr_name"":0,""tr_tok"":0,""phon"":0,""phone"":0}",1.9466666666666668,75.0,0,0,0,0,1,1,,,Balaji Ventures,"Maharashtra, C/O Balaji Pune, H.No. 219, Bellur Tq. Ahmedpur Dist. Latur, Latur"
S1-854246466,India,4,4,0,,1.0,1,1,0,1,5,150,"{""exact"":2,""addr"":3,""token"":4,""prefix"":3,""acronym"":3,""tokpost"":0,""addr_tok"":3,""ngram"":4,""tr_name"":0,""tr_tok"":0,""phon"":4,""phone"":0}",3.2466666666666666,75.0,0,0,0,0,1,1,,,Jms College,"Buliding No 515G Vard Vi Sreemoolanagaram P.O Aluva, Sreemoolanagaram, Ernakulam, Kerala"
S1-410702984,India,2,2,0,,1.0,1,1,0,1,2,150,"{""exact"":0,""addr"":2,""token"":1,""prefix"":0,""acronym"":0,""tokpost"":0,""addr_tok"":2,""ngram"":0,""tr_name"":0,""tr_tok"":0,""phon"":1,""phone"":0}",1.42,75.0,0,0,0,0,1,1,,,Southern Builders,"27, Ashar Building, Avantikabai Gokhle Road Opera House, Mumbai, Mumbai City, Maharashtra"
S1-409040792,India,2,2,0,,1.0,1,1,0,1,3,150,"{""exact"":1,""addr"":2,""token"":2,""prefix"":0,""acronym"":1,""tokpost"":0,""addr_tok"":1,""ngram"":0,""tr_name"":0,""tr_tok"":0,""phon"":2,""phone"":0}",1.9866666666666666,50.0,0,0,0,0,1,1,,,Shreyans Holdings Associates,"No. 8, Ground Floor, Sai Krupa, Behind Kissan Kraft Factory, Dasarahalli, Bangalore, Karnataka"
S1-602792539,India,3,3,0,,1.0,1,1,0,1,4,250,"{""exact"":0,""addr"":3,""token"":3,""prefix"":3,""acronym"":1,""tokpost"":0,""addr_tok"":2,""ngram"":0,""tr_name"":0,""tr_tok"":0,""phon"":3,""phone"":0}",2.104,125.0,0,0,0,0,1,1,,,Susheela Laboratories Pvt. Ltd.,"8, Floor-2, Plot-168, Om Shakti, Namdeo Koli Marg, Road No 28A, Agarwada, Sion (E), Mumbai, Mumbai City, Maharashtra"
S1-793357478,India,4,4,0,,1.0,1,1,0,1,22,250,"{""exact"":0,""addr"":2,""token"":4,""prefix"":4,""acronym"":1,""tokpost"":0,""addr_tok"":2,""ngram"":4,""tr_name"":0,""tr_tok"":0,""phon"":4,""phone"":0}",1.468,83.33333333333333,0,0,0,0,1,1,,,Ventures Csa Tutorials,"Beed, H No.1-7-612, Above Hayat Hospital, 2Nd Floor, Kausar Plaza, Bashir Ganj, Bid, Maharashtra"
S1-47620116,India,6,6,0,,1.0,1,1,0,1,7,150,"{""exact"":3,""addr"":6,""token"":6,""prefix"":5,""acronym"":4,""tokpost"":0,""addr_tok"":6,""ngram"":0,""tr_name"":0,""tr_tok"":0,""phon"":6,""phone"":0}",1.3066666666666666,75.0,0,0,0,0,1,1,,,Amrit Computech Pvt Ltd,"Vill - Kadavita, Debipur Kalyaneshwari, West Bengal, Kulti, Bardhaman"
S1-226817070,India,4,3,1,S2-351190792,0.75,0,0,0,1,4,150,"{""exact"":1,""addr"":3,""token"":2,""prefix"":2,""acronym"":2,""tokpost"":0,""addr_tok"":3,""ngram"":3,""tr_name"":0,""tr_tok"":0,""phon"":1,""phone"":0}",1.82,75.0,0,0,0,0,1,1,,,Sai Consultantprivate Pvt Ltd,"2Nd Floor, Pranava The Business Park, Adjacent To Harsha Toyota, Serilingampally, K.V.Rangareddy, Telangana"
S1-389869722,India,2,2,0,,1.0,1,1,0,1,2,150,"{""exact"":0,""addr"":2,""token"":0,""prefix"":0,""acronym"":0,""tokpost"":0,""addr_tok"":2,""ngram"":0,""tr_name"":0,""tr_tok"":0,""phon"":2,""phone"":0}",1.7266666666666666,75.0,0,0,0,0,1,1,,,Tech Marketing Private Limited,"570/472, Virat Nagar, Lucknow, Uttar Pradesh"
S1-450445240,India,4,2,2,"S2-855076344,S3-229116455",0.5,0,0,0,1,2,150,"{""exact"":0,""addr"":2,""token"":2,""prefix"":1,""acronym"":0,""tokpost"":0,""addr_tok"":2,""ngram"":0,""tr_name"":0,""tr_tok"":0,""phon"":0,""phone"":0}",2.2133333333333334,75.0,0,0,0,0,1,1,,,White It Private Limited,"4Th Floor, 55 B Mirza Ghalib Street, Kolkata, Kolkata, Howrah, West Bengal"
S1-630262795,India,5,5,0,,1.0,1,1,0,1,5,150,"{""exact"":1,""addr"":5,""token"":5,""prefix"":2,""acronym"":2,""tokpost"":0,""addr_tok"":5,""ngram"":0,""tr_name"":0,""tr_tok"":0,""phon"":2,""phone"":0}",2.066666666666667,75.0,0,0,0,0,1,1,,,Guru Trading Pvt Ltd,"P 72 B Blockbangur Avenue, Kolkata, Calcutta, West Bengal"
S1-404162302,India,3,3,0,,1.0,1,1,0,1,3,150,"{""exact"":0,""addr"":3,""token"":1,""prefix"":1,""acronym"":1,""tokpost"":0,""addr_tok"":3,""ngram"":0,""tr_name"":0,""tr_tok"":0,""phon"":2,""phone"":0}",2.64,75.0,0,0,0,0,1,1,,,Arihant Foods Private Limited,"Plot J-241, Supa Parner Industrial Park, Village Waghunde Budrukh, Ahmednagar, Parner, Ahmed Nagar, Maharashtra"
S1-473072476,India,5,5,0,,1.0,1,1,0,1,5,250,"{""exact"":3,""addr"":5,""token"":5,""prefix"":5,""acronym"":4,""tokpost"":0,""addr_tok"":5,""ngram"":0,""tr_name"":0,""tr_tok"":0,""phon"":5,""phone"":0}",1.936,125.0,0,0,0,0,1,1,,,Icon Storage Limited,"Soba Savera Apt, S No. 681/1B23/1 Bibwewadi, Pune, Maharashtra"
S1-595454070,India,5,5,0,,1.0,1,1,0,1,6,150,"{""exact"":2,""addr"":5,""token"":5,""prefix"":3,""acronym"":2,""tokpost"":0,""addr_tok"":4,""ngram"":0,""tr_name"":0,""tr_tok"":0,""phon"":4,""phone"":0}",1.5533333333333332,37.5,0,0,0,0,1,1,,,Green (India) Financing Care,"D-115, Kalpataru Park Society, Zundal, Opp Gurukul, Zundal, Gandhinagar, Gandhinagar, Gandhi Nagar, Gujarat"
S1-323640950,India,4,4,0,,1.0,1,1,0,1,14,150,"{""exact"":3,""addr"":3,""token"":4,""prefix"":4,""acronym"":4,""tokpost"":0,""addr_tok"":3,""ngram"":0,""tr_name"":0,""tr_tok"":0,""phon"":4,""phone"":0}",2.986666666666667,75.0,0,0,0,0,1,1,,,Ahmedabad Life Private Limited,"243, K P M House, Opp.Bharat Bhatia Kathwada Dascroi, Ahmedabad, Gujarat"
S1-632999438,India,2,2,0,,1.0,1,1,0,1,2,150,"{""exact"":1,""addr"":1,""token"":1,""prefix"":0,""acronym"":0,""tokpost"":0,""addr_tok"":2,""ngram"":0,""tr_name"":0,""tr_tok"":1,""phon"":1,""phone"":0}",2.1866666666666665,75.0,0,0,0,0,1,1,,,Shivam Energy Private Limited,"Bajaj Palace, Near Paliwal Compound Chhawanni, Kota, Rajasthan"
S1-93695493,India,3,3,0,,1.0,1,1,0,1,42,250,"{""exact"":1,""addr"":2,""token"":3,""prefix"":1,""acronym"":2,""tokpost"":0,""addr_tok"":2,""ngram"":3,""tr_name"":0,""tr_tok"":0,""phon"":0,""phone"":0}",2.036,125.0,0,0,0,0,1,1,,,DB Systems LLP,"Shop No.3, Plot No.44 Bajaj Nagar, Nagpur, Maharashtra"
S1-569409975,India,3,3,0,,1.0,1,1,0,2,5,150,"{""exact"":0,""addr"":3,""token"":0,""prefix"":0,""acronym"":0,""tokpost"":0,""addr_tok"":2,""ngram"":0,""tr_name"":0,""tr_tok"":0,""phon"":3,""phone"":0}",2.5933333333333333,75.0,0,0,0,0,1,1,,,Dynamic It,"House No. 1/295/2 Bomanahalli, Bangalore, Karnataka"
S1-606614661,India,4,4,0,,1.0,1,1,0,1,4,150,"{""exact"":1,""addr"":4,""token"":4,""prefix"":3,""acronym"":2,""tokpost"":0,""addr_tok"":0,""ngram"":0,""tr_name"":0,""tr_tok"":0,""phon"":0,""phone"":0}",1.2866666666666666,75.0,0,0,0,0,1,1,,,True Brothers Private Limited,"Wz 6A T/F, Plot No. 32 Chand Nagar, Delhi, South Delhi, Delhi"
S1-999493708,India,2,2,0,,1.0,1,1,0,1,2,150,"{""exact"":1,""addr"":2,""token"":2,""prefix"":1,""acronym"":2,""tokpost"":0,""addr_tok"":2,""ngram"":0,""tr_name"":0,""tr_tok"":0,""phon"":2,""phone"":0}",1.3733333333333333,50.0,0,0,0,0,1,1,,,Lords Student (India) Limited,"848/1 Nirankari Street No 5G T Road Ludhiana, Punjab, Ludhiana, Punjab"
S1-869360943,India,5,5,0,,1.0,1,1,0,1,5,250,"{""exact"":0,""addr"":5,""token"":0,""prefix"":4,""acronym"":4,""tokpost"":0,""addr_tok"":5,""ngram"":0,""tr_name"":0,""tr_tok"":0,""phon"":0,""phone"":0}",1.444,125.0,0,0,0,0,1,1,,,Rp Trading Private Limited,"1/798/H, Sector-H Jnkp, Lucknow, Uttar Pradesh"
S1-370985103,India,4,4,0,,1.0,1,1,0,1,4,150,"{""exact"":2,""addr"":4,""token"":4,""prefix"":4,""acronym"":4,""tokpost"":0,""addr_tok"":3,""ngram"":0,""tr_name"":0,""tr_tok"":0,""phon"":4,""phone"":0}",3.06,75.0,0,0,0,0,1,1,,,Malappuram Global Pvt Ltd,"12/322, Near Police Training Camp, Kolapparamba P.O., Manjeri Via, Malappuram, Malappuram, Malapuram, Kerala"
S1-33991297,India,5,5,0,,1.0,1,1,0,1,6,150,"{""exact"":2,""addr"":5,""token"":4,""prefix"":3,""acronym"":3,""tokpost"":0,""addr_tok"":5,""ngram"":4,""tr_name"":0,""tr_tok"":0,""phon"":3,""phone"":0}",1.72,75.0,0,0,0,0,1,1,,,Jmd India Limited,"Plot- 115, Kakatiya Nagar, Beside Srigayathri College, Bachupally, K.V.Rangareddy, Qutubullapur, Telangana, Qutubullapur, K.V.Rangareddy, Telangana"
S1-513915126,India,3,3,0,,1.0,1,1,0,1,3,150,"{""exact"":0,""addr"":3,""token"":3,""prefix"":0,""acronym"":1,""tokpost"":0,""addr_tok"":3,""ngram"":0,""tr_name"":0,""tr_tok"":0,""phon"":0,""phone"":0}",2.48,50.0,0,0,0,0,1,1,,,New Delhi India,"D-12A Ii Nd Floorhauz Khas, New Delhi, North Delhi, Delhi"
S1-345631991,India,5,5,0,,1.0,1,1,0,1,6,150,"{""exact"":0,""addr"":5,""token"":3,""prefix"":1,""acronym"":1,""tokpost"":0,""addr_tok"":5,""ngram"":0,""tr_name"":0,""tr_tok"":0,""phon"":1,""phone"":0}",2.14,75.0,0,0,0,0,1,1,,,Sky Construction Private Limited,"Sriganga Nagar, Sriganganagar, 383, Bapu Nagar Murba No.51, Killa No.10, Rajasthan"
S1-942341870,India,3,3,0,,1.0,1,1,0,1,3,150,"{""exact"":1,""addr"":3,""token"":3,""prefix"":3,""acronym"":2,""tokpost"":0,""addr_tok"":3,""ngram"":0,""tr_name"":0,""tr_tok"":0,""phon"":0,""phone"":0}",1.18,75.0,0,0,0,0,1,1,,,Bhari Services Private Limited,"Bangalore, Flat No A 305, Ukn Belvista Sy No 174, White Field Hagadur Main Road, Karnataka, Bangalore"
S1-761271025,India,5,5,0,,1.0,1,1,0,1,6,150,"{""exact"":1,""addr"":4,""token"":3,""prefix"":2,""acronym"":1,""tokpost"":0,""addr_tok"":5,""ngram"":0,""tr_name"":0,""tr_tok"":0,""phon"":3,""phone"":0}",2.78,75.0,0,0,0,0,1,1,,,Jai It Limited,"Alind Kavinpuram, Puliyarakkonam, Trivandrum, Kerala, Neyyattinkara, Thiruvananthapuram, Trivandrum, Kerala"
S1-53256625,India,5,5,0,,1.0,1,1,0,1,21,250,"{""exact"":0,""addr"":4,""token"":3,""prefix"":2,""acronym"":1,""tokpost"":0,""addr_tok"":5,""ngram"":4,""tr_name"":0,""tr_tok"":0,""phon"":3,""phone"":0}",1.684,83.33333333333333,0,0,0,0,1,1,,,Spm Trading Clinic,"H.No. 63-B, Upper First Floor Abchal Nagar, Chander Vihar, Nilothi Extn., West Delhi, Delhi"
S1-878987100,India,3,3,0,,1.0,1,1,0,1,4,150,"{""exact"":2,""addr"":3,""token"":3,""prefix"":0,""acronym"":3,""tokpost"":0,""addr_tok"":0,""ngram"":0,""tr_name"":0,""tr_tok"":0,""phon"":3,""phone"":0}",2.46,50.0,0,0,0,0,1,1,,,New Delhi Carriers Private Limited,"Plot No. 34 A Kh No. 16/5 Block C 3, Mahavir Enclave Part 1, New Delhi, South West Delhi, Delhi"
S1-767530834,India,2,2,0,,1.0,1,1,0,1,2,150,"{""exact"":1,""addr"":2,""token"":2,""prefix"":2,""acronym"":2,""tokpost"":0,""addr_tok"":2,""ngram"":0,""tr_name"":0,""tr_tok"":0,""phon"":0,""phone"":0}",2.06,75.0,0,0,0,0,1,1,,,Balaji Enterprises Private Limited,"F-195, Haware Fantasia Business Park, Plot No.47, Sector-30A, Vashi, Navi Mumbai, Thane, Maharashtra"
S1-594231533,India,3,3,0,,1.0,1,1,0,1,3,150,"{""exact"":2,""addr"":3,""token"":3,""prefix"":3,""acronym"":1,""tokpost"":3,""addr_tok"":3,""ngram"":0,""tr_name"":0,""tr_tok"":0,""phon"":3,""phone"":0}",1.1933333333333334,75.0,0,0,0,0,1,1,,,Mag & Sons Private Limited,"2005 S/F Pillanji Kotla Mubark Pur Near Mcd C, Omm.Center, New Delhi, South Delhi, Delhi"
S1-490383704,India,4,4,0,,1.0,1,1,0,1,48,250,"{""exact"":1,""addr"":4,""token"":3,""prefix"":3,""acronym"":2,""tokpost"":0,""addr_tok"":1,""ngram"":0,""tr_name"":0,""tr_tok"":0,""phon"":3,""phone"":0}",2.028,125.0,0,0,0,0,1,1,,,Apical Brothers Private Limited,"Fl No 6 1, United Western Socy P N 35, S N 42/43, Karv/Enagar, Pune, Maharashtra"
S1-734868816,India,3,3,0,,1.0,1,1,0,1,23,150,"{""exact"":1,""addr"":2,""token"":3,""prefix"":1,""acronym"":1,""tokpost"":0,""addr_tok"":3,""ngram"":0,""tr_name"":0,""tr_tok"":0,""phon"":2,""phone"":0}",2.48,75.0,0,0,0,0,1,1,,,Shakti Media Private Limited,"V/656Mulakkal Building Varandarappilly P O, Thrissur, Kerala"
S1-332049120,India,3,3,0,,1.0,1,1,0,1,3,150,"{""exact"":0,""addr"":3,""token"":3,""prefix"":2,""acronym"":1,""tokpost"":0,""addr_tok"":3,""ngram"":3,""tr_name"":0,""tr_tok"":0,""phon"":3,""phone"":0}",2.2133333333333334,50.0,0,0,0,0,1,1,,,Kalatmak Nursing Home LLP,"H. No. 14, Gali No.5, E Block Palla No.1, Shiv Colony, Sehatpur, Faridabad, Haryana"
S1-813194176,India,3,3,0,,1.0,1,1,0,1,3,150,"{""exact"":0,""addr"":3,""token"":0,""prefix"":0,""acronym"":0,""tokpost"":0,""addr_tok"":3,""ngram"":0,""tr_name"":0,""tr_tok"":0,""phon"":3,""phone"":0}",1.7333333333333334,75.0,0,0,0,0,1,1,,,Sree Products Private Limited,"6-1-60/A Saifabad, Hyderabad, Telangana"
S1-748664633,India,3,3,0,,1.0,1,1,0,1,3,250,"{""exact"":0,""addr"":3,""token"":3,""prefix"":1,""acronym"":1,""tokpost"":0,""addr_tok"":3,""ngram"":0,""tr_name"":0,""tr_tok"":0,""phon"":2,""phone"":0}",1.816,125.0,0,0,0,0,1,1,,,Doris Power Private Limited,"1St Floor, Room No- 112, Radhika Complex Boring Road, Patna, Bihar"
S1-752617685,India,3,3,0,,1.0,1,1,0,1,21,150,"{""exact"":2,""addr"":2,""token"":3,""prefix"":0,""acronym"":1,""tokpost"":0,""addr_tok"":0,""ngram"":0,""tr_name"":0,""tr_tok"":0,""phon"":0,""phone"":0}",2.04,75.0,0,0,0,0,1,1,,,Gold Consultants LLP,"4/643, Thottumugham Po, Aluva, Ernakulam, Kerala"
S1-536677513,India,2,1,1,S3-870647182,0.5,0,0,0,1,1,150,"{""exact"":1,""addr"":1,""token"":1,""prefix"":1,""acronym"":1,""tokpost"":0,""addr_tok"":1,""ngram"":0,""tr_name"":0,""tr_tok"":0,""phon"":0,""phone"":0}",1.7066666666666668,75.0,0,0,0,0,1,1,,,Odi Producer Private Limited,"33/15, Eldams Road Alwarpet, Chennai, Tamil Nadu"
S1-713015230,India,2,2,0,,1.0,1,1,0,38,51,150,"{""exact"":0,""addr"":2,""token"":0,""prefix"":0,""acronym"":0,""tokpost"":0,""addr_tok"":0,""ngram"":0,""tr_name"":0,""tr_tok"":2,""phon"":2,""phone"":0}",2.8933333333333335,75.0,0,0,0,0,1,1,,,Ram Business Private Limited,"Sr. No. 48/2, Plot No.8, Nr Rupee Bank, Nagar Road, Pune City, Pune, Maharashtra"
S1-751071143,India,4,4,0,,1.0,1,1,0,1,4,250,"{""exact"":2,""addr"":4,""token"":0,""prefix"":4,""acronym"":4,""tokpost"":0,""addr_tok"":0,""ngram"":4,""tr_name"":0,""tr_tok"":0,""phon"":0,""phone"":1}",1.208,125.0,0,0,0,0,1,1,,,Kc Traders Private Limited,"16-31-606&607/201, Kukatpally, Hyderabad, Telangana, Laxmi Nilayam, Kphb Colony, 6Th Phase"
S1-433048984,India,1,1,0,,1.0,1,1,0,4,4,150,"{""exact"":0,""addr"":1,""token"":0,""prefix"":0,""acronym"":0,""tokpost"":0,""addr_tok"":0,""ngram"":0,""tr_name"":0,""tr_tok"":0,""phon"":1,""phone"":0}",2.033333333333333,75.0,0,0,0,0,1,0,,,Sunrise Energy,"Shop No. 102, Rkh Pride, Haveli, Pimpri Chinchwad, Pune City, Pune, Maharashtra"
S1-204964187,India,5,5,0,,1.0,1,1,0,1,5,150,"{""exact"":1,""addr"":5,""token"":5,""prefix"":4,""acronym"":3,""tokpost"":0,""addr_tok"":5,""ngram"":5,""tr_name"":0,""tr_tok"":0,""phon"":5,""phone"":0}",3.0,75.0,0,0,0,0,1,1,,,Sangrur Services Private Limited,"Khalifa Street Sadar Bazar, Sangrur, Punjab"
S1-880007856,India,3,3,0,,1.0,1,1,0,1,10,150,"{""exact"":0,""addr"":3,""token"":0,""prefix"":0,""acronym"":0,""tokpost"":0,""addr_tok"":1,""ngram"":0,""tr_name"":0,""tr_tok"":0,""phon"":3,""phone"":0}",1.9466666666666668,75.0,0,0,0,0,1,1,,,New It Private Limited,"B-22, Kshitij Complex, Sector-4 Market, Vaishali, Ghaziabad, Uttar Pradesh"
S1-198479814,India,3,3,0,,1.0,1,1,0,1,3,150,"{""exact"":0,""addr"":3,""token"":3,""prefix"":2,""acronym"":1,""tokpost"":2,""addr_tok"":3,""ngram"":3,""tr_name"":0,""tr_tok"":0,""phon"":1,""phone"":0}",1.6466666666666667,75.0,0,0,0,0,1,1,,,WLA Security Private Limited,"Fl No-D1-1003, Sr No-284, 1B 2 3, Pride Aashiyana, Pune City, Pune, Maharashtra"
S1-369479518,India,5,5,0,,1.0,1,1,0,1,29,150,"{""exact"":1,""addr"":5,""token"":3,""prefix"":2,""acronym"":2,""tokpost"":0,""addr_tok"":4,""ngram"":0,""tr_name"":0,""tr_tok"":0,""phon"":2,""phone"":0}",2.6266666666666665,75.0,0,0,0,0,1,1,,,Indo Consultancy Private Limited,"28, 3Rd Flr, Bansilal Bldg, Homi Modi Stret, Fort, Mumbai, Maharashtra"
S1-606513186,India,5,5,0,,1.0,1,1,0,1,13,250,"{""exact"":1,""addr"":3,""token"":4,""prefix"":3,""acronym"":1,""tokpost"":0,""addr_tok"":5,""ngram"":0,""tr_name"":0,""tr_tok"":0,""phon"":2,""phone"":0}",1.336,83.33333333333333,0,0,0,0,1,1,,,Ace Arihant Estate Pvt Ltd,"Boring House, Sorathiawadi Chowk, Opp. Municipal Garden, Rajkot, Gujarat"
S1-407625978,India,2,2,0,,1.0,1,1,0,2,3,150,"{""exact"":1,""addr"":2,""token"":2,""prefix"":2,""acronym"":0,""tokpost"":0,""addr_tok"":2,""ngram"":2,""tr_name"":0,""tr_tok"":0,""phon"":1,""phone"":0}",2.14,75.0,0,0,0,0,1,1,,,Burhani Consultancy,"Door. No. 56/2-5-1-3, 01 Balaji Nagar, Ysr Cuddapah, Cuddapah, Andhra Pradesh"
S1-202136395,India,3,3,0,,1.0,1,1,0,1,3,250,"{""exact"":0,""addr"":2,""token"":2,""prefix"":0,""acronym"":2,""tokpost"":0,""addr_tok"":3,""ngram"":2,""tr_name"":0,""tr_tok"":0,""phon"":2,""phone"":0}",1.16,83.33333333333333,0,0,0,0,1,1,,,Solutions Jkm Painters LLP,"No.23, Kailasanadhar Kovil Stree, Panruti, Cuddalore, Tamil Nadu"
S1-860215100,India,5,4,1,S3-514968543,0.8,0,0,0,1,33,150,"{""exact"":1,""addr"":1,""token"":4,""prefix"":2,""acronym"":2,""tokpost"":0,""addr_tok"":2,""ngram"":0,""tr_name"":0,""tr_tok"":0,""phon"":2,""phone"":0}",2.34,75.0,0,0,0,0,1,1,,,Bharat Consulting Pvt Ltd,"Thrissur, Flat No:304, Topaz Sobha City, Puzhakkal Po, Thrissur, Kerala"
S1-866267765,India,5,5,0,,1.0,1,1,0,1,5,150,"{""exact"":2,""addr"":5,""token"":5,""prefix"":4,""acronym"":2,""tokpost"":0,""addr_tok"":5,""ngram"":0,""tr_name"":0,""tr_tok"":0,""phon"":5,""phone"":0}",2.04,75.0,0,0,0,0,1,1,,,Sarasan Brokers Limited,"Crescent Court, No 963, Poonamallee High Road 3Rd Floor, Chennai, Tamil Nadu"
S1-276927594,India,4,4,0,,1.0,1,1,0,1,4,150,"{""exact"":2,""addr"":3,""token"":4,""prefix"":4,""acronym"":4,""tokpost"":0,""addr_tok"":4,""ngram"":0,""tr_name"":0,""tr_tok"":0,""phon"":4,""phone"":0}",2.56,75.0,0,0,0,0,1,1,,,Ratlam Foundation Private Limited,"C/O Sayyad Akhtar Ali Vahid Nagar, Old Baipass Road, Ratlam, Madhya Pradesh"
S1-252380850,India,1,1,0,,1.0,1,1,0,2,2,250,"{""exact"":0,""addr"":1,""token"":1,""prefix"":1,""acronym"":1,""tokpost"":0,""addr_tok"":1,""ngram"":1,""tr_name"":0,""tr_tok"":0,""phon"":1,""phone"":0}",2.628,125.0,0,0,0,0,1,0,,,QK Hybrid LLP,"B/9 Yashoshree Chs, Shreenagar Wagle Estate, Thane West, Thane, Maharashtra"
S1-659982031,India,4,4,0,,1.0,1,1,0,1,4,150,"{""exact"":2,""addr"":4,""token"":4,""prefix"":4,""acronym"":3,""tokpost"":0,""addr_tok"":4,""ngram"":4,""tr_name"":0,""tr_tok"":0,""phon"":4,""phone"":0}",2.3866666666666667,75.0,0,0,0,0,1,1,,,Skyrise & Sons Limited,"Maharashtra, Mumbai, 102 Rizvi Nagarc Wing Santacruz West, Mumbai"
S1-875162659,India,7,7,0,,1.0,1,1,0,1,8,150,"{""exact"":2,""addr"":7,""token"":7,""prefix"":5,""acronym"":3,""tokpost"":0,""addr_tok"":7,""ngram"":0,""tr_name"":0,""tr_tok"":0,""phon"":5,""phone"":0}",2.2133333333333334,75.0,0,0,0,0,1,1,,,Sea Securities Private Limited,"P-8 Basement Hauz Khas Enclave, New Delhi, South West Delhi, Delhi"
S1-614500868,India,1,1,0,,1.0,1,1,0,2,2,250,"{""exact"":0,""addr"":1,""token"":1,""prefix"":0,""acronym"":1,""tokpost"":0,""addr_tok"":1,""ngram"":1,""tr_name"":0,""tr_tok"":0,""phon"":1,""phone"":0}",1.96,83.33333333333333,0,0,0,0,1,0,,,Construction Velocity Obesity Private Limited,"Sr No. 47/1, Part 40/4/1/5 Flat No. 204, Anisha Apt Nr. Sapphire Park, Pune, Maharashtra"
S1-164321130,India,2,2,0,,1.0,1,1,0,1,3,150,"{""exact"":1,""addr"":2,""token"":1,""prefix"":2,""acronym"":1,""tokpost"":1,""addr_tok"":2,""ngram"":2,""tr_name"":0,""tr_tok"":0,""phon"":1,""phone"":0}",2.1666666666666665,75.0,0,0,0,0,1,1,,,Kimberly Sangh LLP,"House No.3208 Plot No 10, Block -B Mohindra Park, Delhi, North West Delhi, Delhi"
S1-610320727,India,4,4,0,,1.0,1,1,0,1,4,150,"{""exact"":2,""addr"":1,""token"":4,""prefix"":4,""acronym"":4,""tokpost"":0,""addr_tok"":4,""ngram"":4,""tr_name"":0,""tr_tok"":0,""phon"":4,""phone"":0}",1.2466666666666666,75.0,0,0,0,0,1,1,,,Vema & Brothers Private Limited,"Bahoriband, Katni, Madhya Pradesh, Ramleela Maidan Gram Tevri, Katni"
S1-709383679,India,6,6,0,,1.0,1,1,0,1,8,150,"{""exact"":3,""addr"":6,""token"":6,""prefix"":3,""acronym"":4,""tokpost"":0,""addr_tok"":5,""ngram"":0,""tr_name"":0,""tr_tok"":0,""phon"":5,""phone"":0}",1.9266666666666667,75.0,0,0,0,0,1,1,,,Image Traders Private Limited,"Gandhi Nagar, Gujarat, Green City Society, Vibhag-4, Panchvati Area, Kalol, 15"
S1-343564282,India,5,5,0,,1.0,1,1,0,1,8,150,"{""exact"":1,""addr"":4,""token"":4,""prefix"":5,""acronym"":4,""tokpost"":0,""addr_tok"":4,""ngram"":0,""tr_name"":0,""tr_tok"":0,""phon"":4,""phone"":0}",1.82,75.0,0,0,0,0,1,1,,,Inspiration & Brothers Private Limited,"49, Ground Floor Dda Site No.1 New Rajender Nagar, New Delhi, Delhi"
S1-449746051,India,3,3,0,,1.0,1,1,0,1,3,150,"{""exact"":3,""addr"":3,""token"":3,""prefix"":3,""acronym"":3,""tokpost"":0,""addr_tok"":3,""ngram"":0,""tr_name"":0,""tr_tok"":0,""phon"":3,""phone"":0}",1.8466666666666667,75.0,0,0,0,0,1,1,,,OVI Hub Ltd,"C/801, Janki Villa Manisha Nagar Gate No.1, Kalwa, Maharashtra"
S1-801793641,India,1,1,0,,1.0,1,1,0,1,1,150,"{""exact"":0,""addr"":1,""token"":0,""prefix"":0,""acronym"":0,""tokpost"":0,""addr_tok"":0,""ngram"":0,""tr_name"":0,""tr_tok"":0,""phon"":1,""phone"":0}",2.4066666666666667,75.0,0,0,0,0,1,0,,,Hotel Finance Pvt Ltd,"6-20-10, East Point Colony, Vishakhapatnam, Andhra Pradesh"
S1-557016476,India,2,2,0,,1.0,1,1,0,1,193,250,"{""exact"":1,""addr"":1,""token"":1,""prefix"":1,""acronym"":1,""tokpost"":0,""addr_tok"":1,""ngram"":1,""tr_name"":0,""tr_tok"":0,""phon"":0,""phone"":0}",1.172,125.0,0,0,0,0,1,1,,,Dv Ventures Limited,"3Rd Floor, P.P.R Plaza Building, Khurla, Jalandhar, Jalandhar -Ii, Punjab, Jalandhar -Ii, Jalandhar, Punjab"
S1-937301002,India,0,0,0,,1.0,1,1,0,,,250,"{""exact"":0,""addr"":0,""token"":0,""prefix"":0,""acronym"":0,""tokpost"":0,""addr_tok"":0,""ngram"":0,""tr_name"":0,""tr_tok"":0,""phon"":0,""phone"":0}",1.796,125.0,0,0,0,0,1,0,,,Shanu Engineering Private Limited,"C/O Swell Granito Llp, Survey No 159 P 2 And 165/1 P-2 P, At - Sartanpar, Sartanpar Road, Wankaner, Rajkot, Gujarat"
S1-739531058,India,5,5,0,,1.0,1,1,0,1,6,150,"{""exact"":0,""addr"":5,""token"":2,""prefix"":0,""acronym"":1,""tokpost"":0,""addr_tok"":3,""ngram"":0,""tr_name"":0,""tr_tok"":0,""phon"":3,""phone"":0}",2.066666666666667,75.0,0,0,0,0,1,1,,,Eastern Logistics Private Limited,"Office No 22, Andheri(East)., Maharashtra, Mumbai, 2Nd Floor, Kamla Bhavan No 1, Garware Chowk"
S1-673248083,India,6,6,0,,1.0,1,1,0,1,6,150,"{""exact"":1,""addr"":6,""token"":6,""prefix"":4,""acronym"":2,""tokpost"":0,""addr_tok"":6,""ngram"":0,""tr_name"":0,""tr_tok"":0,""phon"":6,""phone"":0}",2.22,50.0,0,0,0,0,1,1,,,Sudarshan Institute of Technology,"1006Kotla Mewatiyan Hapur, Uttar Pradesh, Ghaziabad"
S1-84326836,India,4,4,0,,1.0,1,1,0,1,4,150,"{""exact"":0,""addr"":4,""token"":1,""prefix"":0,""acronym"":1,""tokpost"":0,""addr_tok"":4,""ngram"":0,""tr_name"":0,""tr_tok"":3,""phon"":3,""phone"":0}",2.34,75.0,0,0,0,0,1,1,,,Big Technologies Private Limited,"Indore, 208. Apollo Trade Centre A.B Road, Madhya Pradesh, Indore"
S1-86800636,India,2,2,0,,1.0,1,1,0,1,2,150,"{""exact"":0,""addr"":2,""token"":0,""prefix"":0,""acronym"":0,""tokpost"":0,""addr_tok"":2,""ngram"":0,""tr_name"":0,""tr_tok"":2,""phon"":2,""phone"":0}",2.7133333333333334,75.0,0,0,0,0,1,1,,,Gujarat Marketing Private Limited,"Godown No. 02, Gat No 270, Pandav Nagar, Baskuli Road, Haveli, Pune, Maharashtra"
S1-464821251,India,4,4,0,,1.0,1,1,0,1,31,150,"{""exact"":1,""addr"":4,""token"":3,""prefix"":2,""acronym"":1,""tokpost"":0,""addr_tok"":3,""ngram"":3,""tr_name"":0,""tr_tok"":0,""phon"":3,""phone"":0}",2.18,50.0,0,0,0,0,1,1,,,Epic Crop Group,"3Rd Floor, Block -E, Motinagar, West Delhi, New Delhi, Delhi, House No. 8"
S1-917156055,India,2,2,0,,1.0,1,1,0,1,2,150,"{""exact"":2,""addr"":2,""token"":2,""prefix"":2,""acronym"":2,""tokpost"":0,""addr_tok"":0,""ngram"":0,""tr_name"":0,""tr_tok"":0,""phon"":2,""phone"":0}",1.58,75.0,0,0,0,0,1,1,,,Yamuraj Manpower Private Limited,"Plot No. 49, Ward No.6, Industrial Area, Gandhidham, Kachchh, Gujarat"
S1-895406342,India,2,2,0,,1.0,1,1,0,1,32,150,"{""exact"":0,""addr"":2,""token"":0,""prefix"":0,""acronym"":0,""tokpost"":0,""addr_tok"":2,""ngram"":0,""tr_name"":0,""tr_tok"":0,""phon"":2,""phone"":0}",2.8333333333333335,75.0,0,0,0,0,1,1,,,Anand Builders Pvt Ltd,"No.193/4, Salem Road, Namakkal, Tamil Nadu"
S1-616773267,India,3,3,0,,1.0,1,1,0,1,3,150,"{""exact"":3,""addr"":3,""token"":3,""prefix"":3,""acronym"":3,""tokpost"":0,""addr_tok"":3,""ngram"":0,""tr_name"":0,""tr_tok"":0,""phon"":0,""phone"":0}",1.8466666666666667,75.0,0,0,0,0,1,1,,,Developers At City Ltd,"Flat No. D - 502, 5Th Floor, Flora Casa Apartment, D Wing, North Solapur, Solapur, Maharashtra"
S1-20047806,India,1,1,0,,1.0,1,1,0,1,1,150,"{""exact"":1,""addr"":1,""token"":1,""prefix"":1,""acronym"":0,""tokpost"":0,""addr_tok"":1,""ngram"":1,""tr_name"":0,""tr_tok"":0,""phon"":1,""phone"":0}",3.92,75.0,0,0,0,0,1,0,,,People Consultancy,"C/O Arooj Kuttan, Usha Bhavan, Mankudy, Nedumangad, Thiruvananthapuram, Trivandrum, Kerala"
S1-932030310,India,3,3,0,,1.0,1,1,0,1,13,150,"{""exact"":1,""addr"":3,""token"":2,""prefix"":1,""acronym"":1,""tokpost"":0,""addr_tok"":1,""ngram"":0,""tr_name"":0,""tr_tok"":0,""phon"":1,""phone"":0}",1.96,75.0,0,0,0,0,1,1,,,Dream Hospitality Limited,"605, Galav Chambers, Near Dairy Den Circle, Say, Ajigunj, Vadodara, Gujarat"
S1-25206147,India,2,2,0,,1.0,1,1,0,1,7,150,"{""exact"":1,""addr"":1,""token"":2,""prefix"":1,""acronym"":2,""tokpost"":0,""addr_tok"":1,""ngram"":2,""tr_name"":0,""tr_tok"":0,""phon"":2,""phone"":0}",1.6466666666666667,75.0,0,0,0,0,1,1,,,Ayyappan Graphics Private Limited,"E-40, Krishna Park, Devli Road Deoli Khanpur, New Delhi, Delhi, South Delhi, Delhi"
S1-733794690,India,4,3,1,S2-986317067,0.75,0,0,0,1,12,150,"{""exact"":1,""addr"":2,""token"":2,""prefix"":2,""acronym"":1,""tokpost"":0,""addr_tok"":2,""ngram"":0,""tr_name"":0,""tr_tok"":0,""phon"":1,""phone"":0}",2.38,75.0,0,0,0,0,1,1,,,Arihant Technology Pvt Ltd,"Maharashtra, Onlooker Building, Sir Phirozshah Mehta Road, Fort, 4Th Floor, Mumbai City, Mumbai"
S1-987745508,India,6,6,0,,1.0,1,1,0,1,6,150,"{""exact"":3,""addr"":6,""token"":6,""prefix"":5,""acronym"":5,""tokpost"":0,""addr_tok"":6,""ngram"":0,""tr_name"":0,""tr_tok"":0,""phon"":5,""phone"":0}",1.78,75.0,0,0,0,0,1,1,,,Mna Healthcare,"2Nd Floor, 5 No Feederer Road, P.O.- Shyamnagar, P.S.- Jagaddal, Shyamnagar, Parganas North, West Bengal"
S1-962784092,India,5,5,0,,1.0,1,1,0,1,5,150,"{""exact"":2,""addr"":5,""token"":4,""prefix"":4,""acronym"":2,""tokpost"":0,""addr_tok"":3,""ngram"":0,""tr_name"":0,""tr_tok"":1,""phon"":1,""phone"":0}",2.7333333333333334,75.0,0,0,0,0,1,1,,,Ram Infra Private Limited,"1/42, Azadgarh, Ground Floor, Kolkata, Howrah, West Bengal"
S1-487876805,India,3,3,0,,1.0,1,1,0,1,3,150,"{""exact"":3,""addr"":3,""token"":3,""prefix"":3,""acronym"":3,""tokpost"":0,""addr_tok"":0,""ngram"":0,""tr_name"":0,""tr_tok"":0,""phon"":3,""phone"":0}",1.2,75.0,0,0,0,0,1,1,,,Networks Brothers Limited,"43/44, Vijay Nagar Building Opp Railway Station, Dadar West, Dadar, Maharashtra"
S1-287895896,India,5,5,0,,1.0,1,1,0,1,5,150,"{""exact"":3,""addr"":5,""token"":5,""prefix"":5,""acronym"":5,""tokpost"":0,""addr_tok"":5,""ngram"":0,""tr_name"":0,""tr_tok"":0,""phon"":4,""phone"":0}",1.96,75.0,0,0,0,0,1,1,,,Banur Electronics Private Limited,"Rajkumar S/O Shri Sarup Singh Bhajan Colony, Banur, Mohali, Near Shivalik School, Punjab"
S1-275290008,India,7,7,0,,1.0,1,1,0,1,7,150,"{""exact"":3,""addr"":7,""token"":7,""prefix"":5,""acronym"":5,""tokpost"":0,""addr_tok"":7,""ngram"":6,""tr_name"":0,""tr_tok"":0,""phon"":6,""phone"":0}",2.18,75.0,0,0,0,0,1,1,,,Jay Jeevan Private Limited,"No. 11, Indra Nagar, Agaram Main Road, Selaiyur, Chennai, Tamil Nadu"
